run_id,bearing_id,role,split,n,novelty_mean,novelty_median,novelty_std,novelty_min,novelty_max,temporal_importance_mean,temporal_importance_median,temporal_importance_std,temporal_importance_min,temporal_importance_max,resource_cost_mean,resource_cost_median,resource_cost_std,resource_cost_min,resource_cost_max
1st_test,3,documented_failure,initial,4310,0.5169271230697632,0.5989235639572144,0.23604702949523926,0.0,1.0,0.6091618508264576,0.6357104001248596,0.05965454978048468,0.0,0.7210658503138094,0.504915177822113,0.504915177822113,0.0,0.504915177822113,0.504915177822113
1st_test,3,documented_failure,adaptation,12940,0.6819711923599243,0.6782400608062744,0.10869155079126358,0.32391682267189026,1.0,0.6505108755750661,0.6499053382637814,0.021811128068450515,0.5795419772615181,0.7369550545301232,0.5049152374267578,0.504915177822113,0.0,0.504915177822113,0.504915177822113
1st_test,3,documented_failure,test,4310,0.9069302082061768,0.9864062070846558,0.11723097413778305,0.4632466435432434,1.0,0.7454662262052445,0.7154998867771509,0.09195888753081578,0.6077293582262023,1.0,0.504915177822113,0.504915177822113,0.0,0.504915177822113,0.504915177822113
1st_test,4,documented_failure,initial,4310,0.21430830657482147,0.22214722633361816,0.09530061483383179,0.0,1.0,0.5818365320277491,0.5991794086367008,0.06797435414099912,0.0,1.0,0.504915177822113,0.504915177822113,0.0,0.504915177822113,0.504915177822113
1st_test,4,documented_failure,adaptation,12940,0.31019914150238037,0.25898051261901855,0.1621478796005249,0.09189002215862274,1.0,0.6633195809130209,0.629071106522032,0.09841028101423636,0.5236746488612375,1.0,0.5049152374267578,0.504915177822113,0.0,0.504915177822113,0.504915177822113
1st_test,4,documented_failure,test,4310,0.9109437465667725,0.9466305375099182,0.09936624020338058,0.5603606700897217,1.0,0.9994787324810979,1.0,0.004005078547081261,0.9161892657781815,1.0,0.504915177822113,0.504915177822113,0.0,0.504915177822113,0.504915177822113
1st_test,1,control,initial,4310,0.483258455991745,0.48344141244888306,0.16304060816764832,0.0,1.0,0.5607922112068483,0.5613381648991991,0.05750988341534128,0.0,0.7863040885942811,0.504915177822113,0.504915177822113,0.0,0.504915177822113,0.504915177822113
1st_test,1,control,adaptation,12940,0.6262980699539185,0.6242814064025879,0.1324457824230194,0.21080738306045532,1.0,0.6211323279899045,0.6176522729123866,0.03769609347616621,0.5050649305637004,0.8635978499690584,0.5049152374267578,0.504915177822113,0.0,0.504915177822113,0.504915177822113
1st_test,1,control,test,4310,0.7185724973678589,0.7132920622825623,0.1369078904390335,0.3266625702381134,1.0,0.6585976789582437,0.6514582566693308,0.04452170265701876,0.5586447205238679,0.8948446985212083,0.504915177822113,0.504915177822113,0.0,0.504915177822113,0.504915177822113
2nd_test,1,documented_failure,initial,1960,0.4827786684036255,0.4806098937988281,0.15791690349578857,0.0,1.0,0.5829905443624366,0.5800527114035829,0.03015049336272848,0.0,0.7257282574348937,0.504915177822113,0.504915177822113,0.0,0.504915177822113,0.504915177822113
2nd_test,1,documented_failure,adaptation,5920,0.70054030418396,0.6609429121017456,0.2805056571960449,0.01099445205181837,1.0,0.6820438592079356,0.6121254047316891,0.1374958224703749,0.5143632573165607,1.0,0.5049152374267578,0.504915177822113,0.0,0.504915177822113,0.504915177822113
2nd_test,1,documented_failure,test,1960,0.9897959232330322,1.0,0.10052419453859329,0.0,1.0,0.9591544512719995,1.0,0.11528579805033413,0.0020423775067672048,1.0,0.504915177822113,0.504915177822113,0.0,0.504915177822113,0.504915177822113
2nd_test,2,control,initial,1960,0.5171910524368286,0.5152138471603394,0.1330178678035736,0.0,1.0,0.5833009471527038,0.5799711264705188,0.03085838329340943,0.0,0.7213970705002895,0.504915177822113,0.504915177822113,0.0,0.504915177822113,0.504915177822113
2nd_test,2,control,adaptation,5920,0.45833972096443176,0.4470828175544739,0.15374338626861572,0.0,1.0,0.5785219185415097,0.5742131998075846,0.02945887784236426,0.4841955813803148,0.7220208577877606,0.5049152374267578,0.504915177822113,0.0,0.504915177822113,0.504915177822113
2nd_test,2,control,test,1960,0.8884141445159912,1.0,0.17684286832809448,0.0,1.0,0.7587551204719942,0.7081764826118488,0.16278892946277534,0.0016577358822663275,1.0,0.504915177822113,0.504915177822113,0.0,0.504915177822113,0.504915177822113
3rd_test,3,documented_failure,initial,8890,0.30809804797172546,0.29279834032058716,0.11437808722257614,0.0,1.0,0.6125252187975123,0.6074289682412055,0.03433525581505179,0.0,0.8165054418197175,0.5049152374267578,0.504915177822113,0.0,0.504915177822113,0.504915177822113
3rd_test,3,documented_failure,adaptation,26700,0.3188275992870331,0.3034207224845886,0.1158440038561821,0.003352311672642827,0.9357324838638306,0.6138699326319651,0.6085986261296403,0.034038778295351416,0.5355880198841432,0.807821820022462,0.5049152374267578,0.504915177822113,0.0,0.504915177822113,0.504915177822113
3rd_test,3,documented_failure,test,8890,0.40205660462379456,0.3863007426261902,0.11255156248807907,0.10743128508329391,0.9101637601852417,0.6322691776062812,0.6266905239185563,0.03243235649878651,0.554396410149233,0.7940145760567753,0.5049152374267578,0.504915177822113,0.0,0.504915177822113,0.504915177822113
3rd_test,1,control,initial,8890,0.38371673226356506,0.36132392287254333,0.1498631089925766,0.0,1.0,0.5763525802267591,0.5705278953297466,0.03924097164769789,0.0,0.7685323075840087,0.5049152374267578,0.504915177822113,0.0,0.504915177822113,0.504915177822113
3rd_test,1,control,adaptation,26700,0.289109468460083,0.28381332755088806,0.11190517246723175,0.0,0.7647806406021118,0.5532905537235383,0.5502116164227446,0.03331916101724949,0.45623195504883063,0.7138741851933142,0.5049152374267578,0.504915177822113,0.0,0.504915177822113,0.504915177822113
3rd_test,1,control,test,8890,0.30922114849090576,0.3060941696166992,0.10882550477981567,0.0,0.7555345892906189,0.5567567112722404,0.5538091769810509,0.03166532773854644,0.4733937595080483,0.709147943505665,0.5049152374267578,0.504915177822113,0.0,0.504915177822113,0.504915177822113
4th_test,3,undocumented_continuation,initial,3750,0.3501276671886444,0.3330841660499573,0.13626153767108917,0.0,1.0,0.6094551452353151,0.6052477921897055,0.03217507399003657,0.0,0.783391708450583,0.5049152374267578,0.504915177822113,0.0,0.504915177822113,0.504915177822113
4th_test,3,undocumented_continuation,adaptation,11260,0.38999447226524353,0.37230485677719116,0.1445678174495697,0.0,1.0,0.6189825333151593,0.613774343294406,0.03245614904922142,0.5446130264143297,0.7967197095207565,0.504915177822113,0.504915177822113,0.0,0.504915177822113,0.504915177822113
4th_test,3,undocumented_continuation,test,3750,0.9480910301208496,1.0,0.13618527352809906,0.0,1.0,0.845326260322258,0.77817853143794,0.14358654021799092,0.007085524816324728,1.0,0.5049152374267578,0.504915177822113,0.0,0.504915177822113,0.504915177822113
