timestamp,novelty,uncertainty,task_relevance,temporal_importance,resource_cost,scenario
2026-08-14T00:00:00Z,0.1062,0.1463,0.0655,0.0753,0.2414,Scenario A: Normal / Low Info
2026-08-14T00:00:01Z,0.1926,0.0626,0.1854,0.0918,0.1305,Scenario A: Normal / Low Info
2026-08-14T00:00:02Z,0.1598,0.0742,0.1258,0.0766,0.2153,Scenario A: Normal / Low Info
2026-08-14T00:00:03Z,0.1398,0.1848,0.174,0.0633,0.2213,Scenario A: Normal / Low Info
2026-08-14T00:00:04Z,0.0734,0.141,0.098,0.0681,0.1848,Scenario A: Normal / Low Info
2026-08-14T00:00:05Z,0.0734,0.0514,0.1843,0.1191,0.2473,Scenario A: Normal / Low Info
2026-08-14T00:00:06Z,0.0587,0.0652,0.1084,0.081,0.2869,Scenario A: Normal / Low Info
2026-08-14T00:00:07Z,0.1799,0.1495,0.0516,0.1046,0.2851,Scenario A: Normal / Low Info
2026-08-14T00:00:08Z,0.1402,0.0508,0.1858,0.1255,0.1902,Scenario A: Normal / Low Info
2026-08-14T00:00:09Z,0.1562,0.0741,0.0637,0.1536,0.1226,Scenario A: Normal / Low Info
2026-08-14T00:00:10Z,0.0531,0.1323,0.0979,0.0559,0.297,Scenario A: Normal / Low Info
2026-08-14T00:00:11Z,0.1955,0.1538,0.1925,0.1699,0.2678,Scenario A: Normal / Low Info
2026-08-14T00:00:12Z,0.1749,0.1478,0.1926,0.1442,0.1249,Scenario A: Normal / Low Info
2026-08-14T00:00:13Z,0.0819,0.0836,0.136,0.0623,0.2842,Scenario A: Normal / Low Info
2026-08-14T00:00:14Z,0.0773,0.1568,0.1448,0.181,0.274,Scenario A: Normal / Low Info
2026-08-14T00:00:15Z,0.0775,0.0856,0.1173,0.1881,0.2038,Scenario A: Normal / Low Info
2026-08-14T00:00:16Z,0.0956,0.0988,0.094,0.0592,0.2183,Scenario A: Normal / Low Info
2026-08-14T00:00:17Z,0.1287,0.162,0.0993,0.0915,0.1798,Scenario A: Normal / Low Info
2026-08-14T00:00:18Z,0.1148,0.1474,0.1509,0.1709,0.111,Scenario A: Normal / Low Info
2026-08-14T00:00:19Z,0.0937,0.1774,0.1629,0.1622,0.167,Scenario A: Normal / Low Info
2026-08-14T00:00:20Z,0.1418,0.1486,0.1687,0.0777,0.2606,Scenario A: Normal / Low Info
2026-08-14T00:00:21Z,0.0709,0.1352,0.1684,0.0814,0.1009,Scenario A: Normal / Low Info
2026-08-14T00:00:22Z,0.0938,0.0641,0.0637,0.1056,0.1667,Scenario A: Normal / Low Info
2026-08-14T00:00:23Z,0.105,0.1052,0.1242,0.1227,0.1796,Scenario A: Normal / Low Info
2026-08-14T00:00:24Z,0.1184,0.0898,0.0586,0.1427,0.2075,Scenario A: Normal / Low Info
2026-08-14T00:00:25Z,0.1678,0.0866,0.1324,0.1053,0.284,Scenario A: Normal / Low Info
2026-08-14T00:00:26Z,0.08,0.196,0.1162,0.1194,0.1693,Scenario A: Normal / Low Info
2026-08-14T00:00:27Z,0.1271,0.109,0.1832,0.1621,0.1694,Scenario A: Normal / Low Info
2026-08-14T00:00:28Z,0.1389,0.1838,0.1026,0.0555,0.2475,Scenario A: Normal / Low Info
2026-08-14T00:00:29Z,0.057,0.1447,0.0676,0.0879,0.1904,Scenario A: Normal / Low Info
2026-08-14T00:00:30Z,0.1411,0.1692,0.0714,0.157,0.1449,Scenario A: Normal / Low Info
2026-08-14T00:00:31Z,0.0756,0.1254,0.1642,0.1843,0.1905,Scenario A: Normal / Low Info
2026-08-14T00:00:32Z,0.0598,0.1365,0.1427,0.1268,0.1282,Scenario A: Normal / Low Info
2026-08-14T00:00:33Z,0.1923,0.1239,0.0652,0.1298,0.1353,Scenario A: Normal / Low Info
2026-08-14T00:00:34Z,0.1948,0.0793,0.0626,0.0661,0.1997,Scenario A: Normal / Low Info
2026-08-14T00:00:35Z,0.1713,0.1584,0.1551,0.1171,0.1838,Scenario A: Normal / Low Info
2026-08-14T00:00:36Z,0.0957,0.0921,0.0609,0.1299,0.283,Scenario A: Normal / Low Info
2026-08-14T00:00:37Z,0.0647,0.0536,0.1733,0.0864,0.1725,Scenario A: Normal / Low Info
2026-08-14T00:00:38Z,0.1526,0.1468,0.1559,0.0904,0.2161,Scenario A: Normal / Low Info
2026-08-14T00:00:39Z,0.116,0.0766,0.0622,0.1066,0.2265,Scenario A: Normal / Low Info
2026-08-14T00:00:40Z,0.0683,0.1911,0.0627,0.053,0.1026,Scenario A: Normal / Low Info
2026-08-14T00:00:41Z,0.1243,0.1931,0.198,0.0983,0.2327,Scenario A: Normal / Low Info
2026-08-14T00:00:42Z,0.0552,0.1872,0.1061,0.0817,0.1356,Scenario A: Normal / Low Info
2026-08-14T00:00:43Z,0.1864,0.1055,0.1056,0.0991,0.2922,Scenario A: Normal / Low Info
2026-08-14T00:00:44Z,0.0888,0.0523,0.1719,0.068,0.1297,Scenario A: Normal / Low Info
2026-08-14T00:00:45Z,0.1494,0.1892,0.1921,0.1836,0.1829,Scenario A: Normal / Low Info
2026-08-14T00:00:46Z,0.0968,0.1142,0.1979,0.139,0.1171,Scenario A: Normal / Low Info
2026-08-14T00:00:47Z,0.128,0.195,0.163,0.1519,0.2994,Scenario A: Normal / Low Info
2026-08-14T00:00:48Z,0.132,0.1945,0.1064,0.1684,0.2004,Scenario A: Normal / Low Info
2026-08-14T00:00:49Z,0.0777,0.178,0.0625,0.1248,0.2191,Scenario A: Normal / Low Info
2026-08-14T00:00:50Z,0.1954,0.0942,0.1666,0.063,0.1134,Scenario A: Normal / Low Info
2026-08-14T00:00:51Z,0.1663,0.1078,0.1338,0.1306,0.25,Scenario A: Normal / Low Info
2026-08-14T00:00:52Z,0.1909,0.1777,0.1136,0.138,0.142,Scenario A: Normal / Low Info
2026-08-14T00:00:53Z,0.1842,0.0975,0.186,0.1618,0.2796,Scenario A: Normal / Low Info
2026-08-14T00:00:54Z,0.1397,0.0754,0.0667,0.1147,0.141,Scenario A: Normal / Low Info
2026-08-14T00:00:55Z,0.1883,0.1335,0.1239,0.0691,0.1381,Scenario A: Normal / Low Info
2026-08-14T00:00:56Z,0.0633,0.1904,0.0517,0.0926,0.1073,Scenario A: Normal / Low Info
2026-08-14T00:00:57Z,0.0794,0.1544,0.1203,0.1045,0.1944,Scenario A: Normal / Low Info
2026-08-14T00:00:58Z,0.0568,0.1355,0.0584,0.1469,0.213,Scenario A: Normal / Low Info
2026-08-14T00:00:59Z,0.0988,0.0646,0.0678,0.1356,0.1131,Scenario A: Normal / Low Info
2026-08-14T00:01:00Z,0.1083,0.1423,0.0676,0.1034,0.2551,Scenario A: Normal / Low Info
2026-08-14T00:01:01Z,0.0907,0.1985,0.1474,0.198,0.1907,Scenario A: Normal / Low Info
2026-08-14T00:01:02Z,0.1743,0.071,0.1619,0.1409,0.2049,Scenario A: Normal / Low Info
2026-08-14T00:01:03Z,0.1035,0.1277,0.1375,0.0856,0.1882,Scenario A: Normal / Low Info
2026-08-14T00:01:04Z,0.0921,0.1816,0.1943,0.0653,0.1802,Scenario A: Normal / Low Info
2026-08-14T00:01:05Z,0.1314,0.1611,0.1062,0.0729,0.2119,Scenario A: Normal / Low Info
2026-08-14T00:01:06Z,0.0711,0.1546,0.0929,0.0869,0.131,Scenario A: Normal / Low Info
2026-08-14T00:01:07Z,0.1703,0.1554,0.1803,0.0741,0.1364,Scenario A: Normal / Low Info
2026-08-14T00:01:08Z,0.0612,0.1039,0.0835,0.078,0.2724,Scenario A: Normal / Low Info
2026-08-14T00:01:09Z,0.198,0.094,0.1945,0.0928,0.2892,Scenario A: Normal / Low Info
2026-08-14T00:01:10Z,0.1658,0.1714,0.0518,0.076,0.1747,Scenario A: Normal / Low Info
2026-08-14T00:01:11Z,0.0798,0.1715,0.1955,0.1845,0.1541,Scenario A: Normal / Low Info
2026-08-14T00:01:12Z,0.0508,0.1801,0.0565,0.062,0.2288,Scenario A: Normal / Low Info
2026-08-14T00:01:13Z,0.1723,0.187,0.1837,0.1287,0.1817,Scenario A: Normal / Low Info
2026-08-14T00:01:14Z,0.156,0.1267,0.1292,0.1116,0.1051,Scenario A: Normal / Low Info
2026-08-14T00:01:15Z,0.1594,0.1252,0.1989,0.1974,0.1312,Scenario A: Normal / Low Info
2026-08-14T00:01:16Z,0.1657,0.1697,0.0611,0.0668,0.2432,Scenario A: Normal / Low Info
2026-08-14T00:01:17Z,0.0611,0.1475,0.1331,0.1097,0.2318,Scenario A: Normal / Low Info
2026-08-14T00:01:18Z,0.1038,0.1553,0.1954,0.1954,0.1054,Scenario A: Normal / Low Info
2026-08-14T00:01:19Z,0.0674,0.1694,0.1285,0.1798,0.1444,Scenario A: Normal / Low Info
2026-08-14T00:01:20Z,0.1795,0.1835,0.1444,0.1726,0.1462,Scenario A: Normal / Low Info
2026-08-14T00:01:21Z,0.1435,0.1007,0.1544,0.0887,0.2344,Scenario A: Normal / Low Info
2026-08-14T00:01:22Z,0.0996,0.1063,0.1182,0.0756,0.1039,Scenario A: Normal / Low Info
2026-08-14T00:01:23Z,0.0595,0.0641,0.1441,0.1503,0.1208,Scenario A: Normal / Low Info
2026-08-14T00:01:24Z,0.0966,0.1367,0.1376,0.1894,0.26,Scenario A: Normal / Low Info
2026-08-14T00:01:25Z,0.0988,0.0554,0.1852,0.1335,0.1357,Scenario A: Normal / Low Info
2026-08-14T00:01:26Z,0.1594,0.1198,0.0568,0.1357,0.2305,Scenario A: Normal / Low Info
2026-08-14T00:01:27Z,0.1456,0.1314,0.0921,0.092,0.1476,Scenario A: Normal / Low Info
2026-08-14T00:01:28Z,0.1831,0.093,0.1926,0.1654,0.1199,Scenario A: Normal / Low Info
2026-08-14T00:01:29Z,0.1208,0.1386,0.1835,0.0781,0.1486,Scenario A: Normal / Low Info
2026-08-14T00:01:30Z,0.0679,0.0546,0.1183,0.0986,0.2445,Scenario A: Normal / Low Info
2026-08-14T00:01:31Z,0.157,0.0556,0.143,0.1138,0.2711,Scenario A: Normal / Low Info
2026-08-14T00:01:32Z,0.1641,0.1734,0.0916,0.1261,0.266,Scenario A: Normal / Low Info
2026-08-14T00:01:33Z,0.1342,0.104,0.0782,0.0864,0.1794,Scenario A: Normal / Low Info
2026-08-14T00:01:34Z,0.1656,0.0691,0.1196,0.0672,0.2336,Scenario A: Normal / Low Info
2026-08-14T00:01:35Z,0.1241,0.1283,0.103,0.1416,0.141,Scenario A: Normal / Low Info
2026-08-14T00:01:36Z,0.1284,0.1655,0.1375,0.0933,0.1586,Scenario A: Normal / Low Info
2026-08-14T00:01:37Z,0.1141,0.0824,0.0617,0.1372,0.2793,Scenario A: Normal / Low Info
2026-08-14T00:01:38Z,0.0538,0.1434,0.1962,0.0732,0.1026,Scenario A: Normal / Low Info
2026-08-14T00:01:39Z,0.0662,0.0628,0.1979,0.1222,0.1171,Scenario A: Normal / Low Info
2026-08-14T00:01:40Z,0.0547,0.0578,0.1547,0.1299,0.1416,Scenario A: Normal / Low Info
2026-08-14T00:01:41Z,0.1455,0.1297,0.1304,0.0578,0.1053,Scenario A: Normal / Low Info
2026-08-14T00:01:42Z,0.0972,0.1311,0.0964,0.1005,0.1363,Scenario A: Normal / Low Info
2026-08-14T00:01:43Z,0.1263,0.1456,0.1721,0.0702,0.2166,Scenario A: Normal / Low Info
2026-08-14T00:01:44Z,0.1861,0.1589,0.1527,0.0595,0.1843,Scenario A: Normal / Low Info
2026-08-14T00:01:45Z,0.0874,0.1964,0.0744,0.1985,0.2785,Scenario A: Normal / Low Info
2026-08-14T00:01:46Z,0.1116,0.1274,0.1866,0.0984,0.2635,Scenario A: Normal / Low Info
2026-08-14T00:01:47Z,0.1633,0.0984,0.1734,0.1715,0.1684,Scenario A: Normal / Low Info
2026-08-14T00:01:48Z,0.0843,0.1693,0.1925,0.0882,0.1519,Scenario A: Normal / Low Info
2026-08-14T00:01:49Z,0.0615,0.0906,0.1589,0.1522,0.1759,Scenario A: Normal / Low Info
2026-08-14T00:01:50Z,0.0935,0.1158,0.142,0.164,0.2181,Scenario A: Normal / Low Info
2026-08-14T00:01:51Z,0.0742,0.0618,0.1127,0.1393,0.1536,Scenario A: Normal / Low Info
2026-08-14T00:01:52Z,0.1895,0.0538,0.1899,0.1207,0.2248,Scenario A: Normal / Low Info
2026-08-14T00:01:53Z,0.1712,0.1944,0.1799,0.1118,0.1819,Scenario A: Normal / Low Info
2026-08-14T00:01:54Z,0.145,0.1754,0.0568,0.1023,0.2104,Scenario A: Normal / Low Info
2026-08-14T00:01:55Z,0.1807,0.1544,0.054,0.1894,0.1872,Scenario A: Normal / Low Info
2026-08-14T00:01:56Z,0.1706,0.1113,0.1065,0.1746,0.1589,Scenario A: Normal / Low Info
2026-08-14T00:01:57Z,0.078,0.076,0.1716,0.1948,0.2897,Scenario A: Normal / Low Info
2026-08-14T00:01:58Z,0.1839,0.0735,0.1981,0.0686,0.2527,Scenario A: Normal / Low Info
2026-08-14T00:01:59Z,0.1309,0.0875,0.0726,0.1596,0.128,Scenario A: Normal / Low Info
2026-08-14T00:02:00Z,0.1711,0.1324,0.1391,0.1908,0.2737,Scenario A: Normal / Low Info
2026-08-14T00:02:01Z,0.1844,0.1572,0.1071,0.0772,0.1975,Scenario A: Normal / Low Info
2026-08-14T00:02:02Z,0.0977,0.149,0.1955,0.06,0.2789,Scenario A: Normal / Low Info
2026-08-14T00:02:03Z,0.0665,0.092,0.1763,0.1612,0.26,Scenario A: Normal / Low Info
2026-08-14T00:02:04Z,0.0842,0.1932,0.1757,0.1362,0.185,Scenario A: Normal / Low Info
2026-08-14T00:02:05Z,0.1141,0.1607,0.1203,0.1763,0.1045,Scenario A: Normal / Low Info
2026-08-14T00:02:06Z,0.1727,0.1332,0.1122,0.071,0.1537,Scenario A: Normal / Low Info
2026-08-14T00:02:07Z,0.1791,0.1418,0.091,0.1693,0.2083,Scenario A: Normal / Low Info
2026-08-14T00:02:08Z,0.051,0.1129,0.0585,0.0802,0.2267,Scenario A: Normal / Low Info
2026-08-14T00:02:09Z,0.1266,0.0872,0.1797,0.0745,0.1516,Scenario A: Normal / Low Info
2026-08-14T00:02:10Z,0.1126,0.1034,0.1719,0.0746,0.1279,Scenario A: Normal / Low Info
2026-08-14T00:02:11Z,0.0833,0.1637,0.2,0.1722,0.267,Scenario A: Normal / Low Info
2026-08-14T00:02:12Z,0.068,0.0522,0.1995,0.1498,0.2969,Scenario A: Normal / Low Info
2026-08-14T00:02:13Z,0.1006,0.0674,0.1333,0.1285,0.2051,Scenario A: Normal / Low Info
2026-08-14T00:02:14Z,0.1914,0.0569,0.1653,0.1038,0.1343,Scenario A: Normal / Low Info
2026-08-14T00:02:15Z,0.0985,0.0561,0.1917,0.1816,0.1545,Scenario A: Normal / Low Info
2026-08-14T00:02:16Z,0.1278,0.1783,0.1774,0.1089,0.1037,Scenario A: Normal / Low Info
2026-08-14T00:02:17Z,0.1555,0.1555,0.0871,0.1725,0.2829,Scenario A: Normal / Low Info
2026-08-14T00:02:18Z,0.1045,0.1211,0.1176,0.1159,0.1236,Scenario A: Normal / Low Info
2026-08-14T00:02:19Z,0.1958,0.0647,0.0694,0.1065,0.2153,Scenario A: Normal / Low Info
2026-08-14T00:02:20Z,0.1944,0.1237,0.1931,0.1194,0.1548,Scenario A: Normal / Low Info
2026-08-14T00:02:21Z,0.0878,0.121,0.1409,0.0952,0.2108,Scenario A: Normal / Low Info
2026-08-14T00:02:22Z,0.1246,0.076,0.0843,0.1621,0.2303,Scenario A: Normal / Low Info
2026-08-14T00:02:23Z,0.0951,0.1151,0.1508,0.1254,0.2659,Scenario A: Normal / Low Info
2026-08-14T00:02:24Z,0.0927,0.1098,0.1427,0.0848,0.1413,Scenario A: Normal / Low Info
2026-08-14T00:02:25Z,0.0555,0.1424,0.1037,0.1849,0.1022,Scenario A: Normal / Low Info
2026-08-14T00:02:26Z,0.1414,0.1453,0.067,0.1076,0.1274,Scenario A: Normal / Low Info
2026-08-14T00:02:27Z,0.1254,0.0568,0.1507,0.1315,0.28,Scenario A: Normal / Low Info
2026-08-14T00:02:28Z,0.0577,0.1062,0.128,0.186,0.2748,Scenario A: Normal / Low Info
2026-08-14T00:02:29Z,0.0918,0.1439,0.1658,0.1436,0.2195,Scenario A: Normal / Low Info
2026-08-14T00:02:30Z,0.1862,0.1255,0.128,0.0675,0.2201,Scenario A: Normal / Low Info
2026-08-14T00:02:31Z,0.0859,0.1785,0.1778,0.191,0.233,Scenario A: Normal / Low Info
2026-08-14T00:02:32Z,0.0717,0.1488,0.1328,0.1442,0.1351,Scenario A: Normal / Low Info
2026-08-14T00:02:33Z,0.1234,0.0744,0.1341,0.1002,0.2829,Scenario A: Normal / Low Info
2026-08-14T00:02:34Z,0.1978,0.0606,0.1815,0.0709,0.1838,Scenario A: Normal / Low Info
2026-08-14T00:02:35Z,0.0863,0.1464,0.1105,0.1691,0.1766,Scenario A: Normal / Low Info
2026-08-14T00:02:36Z,0.1508,0.054,0.0701,0.143,0.2038,Scenario A: Normal / Low Info
2026-08-14T00:02:37Z,0.1642,0.1379,0.0543,0.13,0.1094,Scenario A: Normal / Low Info
2026-08-14T00:02:38Z,0.0856,0.191,0.1633,0.1841,0.1333,Scenario A: Normal / Low Info
2026-08-14T00:02:39Z,0.1592,0.1363,0.143,0.1683,0.2476,Scenario A: Normal / Low Info
2026-08-14T00:02:40Z,0.1052,0.1082,0.1556,0.0728,0.1166,Scenario A: Normal / Low Info
2026-08-14T00:02:41Z,0.1448,0.1465,0.0819,0.0968,0.2206,Scenario A: Normal / Low Info
2026-08-14T00:02:42Z,0.145,0.1187,0.0705,0.0873,0.1491,Scenario A: Normal / Low Info
2026-08-14T00:02:43Z,0.1304,0.1318,0.0522,0.1616,0.1779,Scenario A: Normal / Low Info
2026-08-14T00:02:44Z,0.0635,0.1912,0.1026,0.055,0.1577,Scenario A: Normal / Low Info
2026-08-14T00:02:45Z,0.1753,0.1079,0.1385,0.1355,0.1711,Scenario A: Normal / Low Info
2026-08-14T00:02:46Z,0.0981,0.1942,0.1088,0.1644,0.2438,Scenario A: Normal / Low Info
2026-08-14T00:02:47Z,0.078,0.1858,0.1156,0.1815,0.1594,Scenario A: Normal / Low Info
2026-08-14T00:02:48Z,0.0561,0.0794,0.1856,0.1013,0.2133,Scenario A: Normal / Low Info
2026-08-14T00:02:49Z,0.1386,0.0604,0.1022,0.1732,0.1952,Scenario A: Normal / Low Info
2026-08-14T00:02:50Z,0.1516,0.0651,0.1271,0.0666,0.2327,Scenario A: Normal / Low Info
2026-08-14T00:02:51Z,0.0525,0.0527,0.1675,0.177,0.2874,Scenario A: Normal / Low Info
2026-08-14T00:02:52Z,0.1268,0.0642,0.1095,0.0691,0.2465,Scenario A: Normal / Low Info
2026-08-14T00:02:53Z,0.084,0.1525,0.1433,0.1096,0.143,Scenario A: Normal / Low Info
2026-08-14T00:02:54Z,0.1468,0.0607,0.1794,0.1696,0.1062,Scenario A: Normal / Low Info
2026-08-14T00:02:55Z,0.0762,0.0978,0.1924,0.0725,0.1525,Scenario A: Normal / Low Info
2026-08-14T00:02:56Z,0.1536,0.1767,0.0721,0.0844,0.219,Scenario A: Normal / Low Info
2026-08-14T00:02:57Z,0.108,0.0535,0.189,0.1583,0.1103,Scenario A: Normal / Low Info
2026-08-14T00:02:58Z,0.1905,0.1722,0.1238,0.158,0.1993,Scenario A: Normal / Low Info
2026-08-14T00:02:59Z,0.0706,0.0923,0.0887,0.1462,0.2194,Scenario A: Normal / Low Info
2026-08-14T00:03:00Z,0.1012,0.0677,0.1189,0.1541,0.1668,Scenario A: Normal / Low Info
2026-08-14T00:03:01Z,0.067,0.1545,0.197,0.1314,0.2542,Scenario A: Normal / Low Info
2026-08-14T00:03:02Z,0.1887,0.1443,0.1239,0.0878,0.1213,Scenario A: Normal / Low Info
2026-08-14T00:03:03Z,0.1816,0.1816,0.0993,0.1019,0.115,Scenario A: Normal / Low Info
2026-08-14T00:03:04Z,0.0887,0.1603,0.145,0.0772,0.2456,Scenario A: Normal / Low Info
2026-08-14T00:03:05Z,0.149,0.1705,0.086,0.1863,0.1991,Scenario A: Normal / Low Info
2026-08-14T00:03:06Z,0.1726,0.0923,0.0614,0.1375,0.2377,Scenario A: Normal / Low Info
2026-08-14T00:03:07Z,0.1333,0.0766,0.0693,0.1101,0.187,Scenario A: Normal / Low Info
2026-08-14T00:03:08Z,0.1294,0.1626,0.0692,0.1193,0.1493,Scenario A: Normal / Low Info
2026-08-14T00:03:09Z,0.0863,0.171,0.0728,0.1921,0.2638,Scenario A: Normal / Low Info
2026-08-14T00:03:10Z,0.064,0.1986,0.0708,0.073,0.2599,Scenario A: Normal / Low Info
2026-08-14T00:03:11Z,0.1846,0.1119,0.1461,0.1379,0.2389,Scenario A: Normal / Low Info
2026-08-14T00:03:12Z,0.1851,0.1058,0.0773,0.1259,0.1544,Scenario A: Normal / Low Info
2026-08-14T00:03:13Z,0.145,0.1665,0.1019,0.1417,0.218,Scenario A: Normal / Low Info
2026-08-14T00:03:14Z,0.1009,0.1011,0.1845,0.0527,0.1722,Scenario A: Normal / Low Info
2026-08-14T00:03:15Z,0.1024,0.1896,0.1211,0.1808,0.1183,Scenario A: Normal / Low Info
2026-08-14T00:03:16Z,0.1589,0.1788,0.1501,0.1898,0.2835,Scenario A: Normal / Low Info
2026-08-14T00:03:17Z,0.1846,0.1143,0.0758,0.1348,0.1274,Scenario A: Normal / Low Info
2026-08-14T00:03:18Z,0.1831,0.1626,0.0788,0.1545,0.29,Scenario A: Normal / Low Info
2026-08-14T00:03:19Z,0.167,0.1632,0.0561,0.1884,0.1892,Scenario A: Normal / Low Info
2026-08-14T00:03:20Z,0.787,0.7771,0.7563,0.8494,0.2384,Scenario B: Sudden Important Event
2026-08-14T00:03:21Z,0.8584,0.8093,0.9372,0.8736,0.2647,Scenario B: Sudden Important Event
2026-08-14T00:03:22Z,0.9246,0.7744,0.7604,0.9238,0.2453,Scenario B: Sudden Important Event
2026-08-14T00:03:23Z,0.8964,0.77,0.8583,0.8641,0.271,Scenario B: Sudden Important Event
2026-08-14T00:03:24Z,0.9113,0.7547,0.8918,0.7561,0.2139,Scenario B: Sudden Important Event
2026-08-14T00:03:25Z,0.8818,0.7882,0.9242,0.9362,0.3038,Scenario B: Sudden Important Event
2026-08-14T00:03:26Z,0.8885,0.6397,0.8928,0.8879,0.2135,Scenario B: Sudden Important Event
2026-08-14T00:03:27Z,0.9198,0.8202,0.9103,0.8853,0.3601,Scenario B: Sudden Important Event
2026-08-14T00:03:28Z,0.7999,0.818,0.8179,0.7931,0.2467,Scenario B: Sudden Important Event
2026-08-14T00:03:29Z,0.8479,0.6073,0.913,0.8818,0.308,Scenario B: Sudden Important Event
2026-08-14T00:03:30Z,0.7942,0.8065,0.766,0.8288,0.376,Scenario B: Sudden Important Event
2026-08-14T00:03:31Z,0.9475,0.6322,0.929,0.8802,0.3302,Scenario B: Sudden Important Event
2026-08-14T00:03:32Z,0.9388,0.6838,0.8595,0.7713,0.3066,Scenario B: Sudden Important Event
2026-08-14T00:03:33Z,0.7579,0.7859,0.9135,0.8816,0.2649,Scenario B: Sudden Important Event
2026-08-14T00:03:34Z,0.8911,0.6402,0.8405,0.9499,0.2666,Scenario B: Sudden Important Event
2026-08-14T00:03:35Z,0.935,0.8045,0.8787,0.7596,0.3339,Scenario B: Sudden Important Event
2026-08-14T00:03:36Z,0.7861,0.808,0.8553,0.9454,0.3988,Scenario B: Sudden Important Event
2026-08-14T00:03:37Z,0.8636,0.7269,0.8963,0.8314,0.3324,Scenario B: Sudden Important Event
2026-08-14T00:03:38Z,0.9331,0.6016,0.7663,0.9242,0.3116,Scenario B: Sudden Important Event
2026-08-14T00:03:39Z,0.7568,0.6718,0.7621,0.9065,0.3461,Scenario B: Sudden Important Event
2026-08-14T00:03:40Z,0.8895,0.7542,0.7994,0.8634,0.293,Scenario B: Sudden Important Event
2026-08-14T00:03:41Z,0.8095,0.8453,0.7819,0.8977,0.212,Scenario B: Sudden Important Event
2026-08-14T00:03:42Z,0.9349,0.758,0.9244,0.9257,0.3125,Scenario B: Sudden Important Event
2026-08-14T00:03:43Z,0.9442,0.665,0.7938,0.8308,0.3915,Scenario B: Sudden Important Event
2026-08-14T00:03:44Z,0.9389,0.7585,0.9452,0.8154,0.2351,Scenario B: Sudden Important Event
2026-08-14T00:03:45Z,0.8448,0.735,0.8174,0.8835,0.338,Scenario B: Sudden Important Event
2026-08-14T00:03:46Z,0.9224,0.795,0.7864,0.9116,0.2402,Scenario B: Sudden Important Event
2026-08-14T00:03:47Z,0.9189,0.6267,0.9079,0.9025,0.3072,Scenario B: Sudden Important Event
2026-08-14T00:03:48Z,0.8138,0.7903,0.8817,0.9096,0.2193,Scenario B: Sudden Important Event
2026-08-14T00:03:49Z,0.9158,0.7353,0.8496,0.8371,0.2901,Scenario B: Sudden Important Event
2026-08-14T00:03:50Z,0.7574,0.8407,0.8611,0.9136,0.3512,Scenario B: Sudden Important Event
2026-08-14T00:03:51Z,0.8693,0.6855,0.8938,0.774,0.2695,Scenario B: Sudden Important Event
2026-08-14T00:03:52Z,0.796,0.7582,0.7957,0.8589,0.333,Scenario B: Sudden Important Event
2026-08-14T00:03:53Z,0.7741,0.833,0.9493,0.7512,0.3591,Scenario B: Sudden Important Event
2026-08-14T00:03:54Z,0.7654,0.6256,0.945,0.8149,0.3854,Scenario B: Sudden Important Event
2026-08-14T00:03:55Z,0.8893,0.8343,0.8801,0.8233,0.2469,Scenario B: Sudden Important Event
2026-08-14T00:03:56Z,0.818,0.772,0.7899,0.8292,0.2799,Scenario B: Sudden Important Event
2026-08-14T00:03:57Z,0.895,0.617,0.886,0.8891,0.2305,Scenario B: Sudden Important Event
2026-08-14T00:03:58Z,0.7631,0.6752,0.7644,0.8277,0.3985,Scenario B: Sudden Important Event
2026-08-14T00:03:59Z,0.8131,0.777,0.7561,0.8397,0.3854,Scenario B: Sudden Important Event
2026-08-14T00:04:00Z,0.8579,0.6168,0.8015,0.7975,0.308,Scenario B: Sudden Important Event
2026-08-14T00:04:01Z,0.9081,0.7455,0.8425,0.8247,0.3684,Scenario B: Sudden Important Event
2026-08-14T00:04:02Z,0.8138,0.6865,0.9237,0.7955,0.3042,Scenario B: Sudden Important Event
2026-08-14T00:04:03Z,0.8752,0.7552,0.8954,0.7646,0.3247,Scenario B: Sudden Important Event
2026-08-14T00:04:04Z,0.9272,0.6114,0.8985,0.8707,0.2178,Scenario B: Sudden Important Event
2026-08-14T00:04:05Z,0.8732,0.8179,0.8351,0.8836,0.3511,Scenario B: Sudden Important Event
2026-08-14T00:04:06Z,0.7966,0.8434,0.8192,0.8739,0.2255,Scenario B: Sudden Important Event
2026-08-14T00:04:07Z,0.7549,0.8422,0.8242,0.8427,0.3652,Scenario B: Sudden Important Event
2026-08-14T00:04:08Z,0.924,0.7874,0.9475,0.826,0.3564,Scenario B: Sudden Important Event
2026-08-14T00:04:09Z,0.7543,0.6325,0.758,0.9227,0.3417,Scenario B: Sudden Important Event
2026-08-14T00:04:10Z,0.9249,0.7896,0.9234,0.8538,0.2072,Scenario B: Sudden Important Event
2026-08-14T00:04:11Z,0.8558,0.6061,0.8657,0.8458,0.2606,Scenario B: Sudden Important Event
2026-08-14T00:04:12Z,0.9378,0.6055,0.8377,0.7551,0.2526,Scenario B: Sudden Important Event
2026-08-14T00:04:13Z,0.9098,0.6809,0.8951,0.8182,0.272,Scenario B: Sudden Important Event
2026-08-14T00:04:14Z,0.9496,0.7222,0.8473,0.826,0.2175,Scenario B: Sudden Important Event
2026-08-14T00:04:15Z,0.8201,0.7926,0.9247,0.8298,0.3874,Scenario B: Sudden Important Event
2026-08-14T00:04:16Z,0.9034,0.7708,0.9301,0.866,0.3108,Scenario B: Sudden Important Event
2026-08-14T00:04:17Z,0.8304,0.7115,0.8343,0.8567,0.2611,Scenario B: Sudden Important Event
2026-08-14T00:04:18Z,0.846,0.6684,0.8054,0.8716,0.2794,Scenario B: Sudden Important Event
2026-08-14T00:04:19Z,0.8755,0.8493,0.8685,0.903,0.2894,Scenario B: Sudden Important Event
2026-08-14T00:04:20Z,0.9247,0.7065,0.9325,0.9126,0.3201,Scenario B: Sudden Important Event
2026-08-14T00:04:21Z,0.9468,0.7128,0.7921,0.8936,0.3031,Scenario B: Sudden Important Event
2026-08-14T00:04:22Z,0.9037,0.6409,0.8746,0.9411,0.3839,Scenario B: Sudden Important Event
2026-08-14T00:04:23Z,0.8336,0.7987,0.8763,0.7536,0.2994,Scenario B: Sudden Important Event
2026-08-14T00:04:24Z,0.8343,0.7734,0.8966,0.7892,0.3984,Scenario B: Sudden Important Event
2026-08-14T00:04:25Z,0.8975,0.6552,0.7763,0.7515,0.3703,Scenario B: Sudden Important Event
2026-08-14T00:04:26Z,0.7978,0.6206,0.8932,0.8795,0.2417,Scenario B: Sudden Important Event
2026-08-14T00:04:27Z,0.7721,0.7701,0.9318,0.9296,0.3861,Scenario B: Sudden Important Event
2026-08-14T00:04:28Z,0.8209,0.7636,0.7859,0.7987,0.2233,Scenario B: Sudden Important Event
2026-08-14T00:04:29Z,0.8074,0.6683,0.7975,0.9354,0.3635,Scenario B: Sudden Important Event
2026-08-14T00:04:30Z,0.8093,0.8377,0.9443,0.7621,0.2761,Scenario B: Sudden Important Event
2026-08-14T00:04:31Z,0.7967,0.6378,0.7862,0.9369,0.3756,Scenario B: Sudden Important Event
2026-08-14T00:04:32Z,0.7584,0.7081,0.9209,0.8203,0.3736,Scenario B: Sudden Important Event
2026-08-14T00:04:33Z,0.7536,0.8359,0.8485,0.7703,0.3612,Scenario B: Sudden Important Event
2026-08-14T00:04:34Z,0.9475,0.7049,0.7994,0.8472,0.358,Scenario B: Sudden Important Event
2026-08-14T00:04:35Z,0.8356,0.7596,0.9241,0.8014,0.2609,Scenario B: Sudden Important Event
2026-08-14T00:04:36Z,0.8269,0.6994,0.8391,0.807,0.2162,Scenario B: Sudden Important Event
2026-08-14T00:04:37Z,0.8859,0.6686,0.853,0.8115,0.2806,Scenario B: Sudden Important Event
2026-08-14T00:04:38Z,0.7937,0.846,0.8218,0.9106,0.2347,Scenario B: Sudden Important Event
2026-08-14T00:04:39Z,0.94,0.7023,0.8686,0.8578,0.339,Scenario B: Sudden Important Event
2026-08-14T00:04:40Z,0.9073,0.8235,0.7827,0.8123,0.2692,Scenario B: Sudden Important Event
2026-08-14T00:04:41Z,0.7679,0.6575,0.8282,0.8721,0.3951,Scenario B: Sudden Important Event
2026-08-14T00:04:42Z,0.8335,0.6533,0.9439,0.8932,0.3282,Scenario B: Sudden Important Event
2026-08-14T00:04:43Z,0.9258,0.6078,0.8016,0.8045,0.3645,Scenario B: Sudden Important Event
2026-08-14T00:04:44Z,0.9389,0.7629,0.8813,0.8327,0.2265,Scenario B: Sudden Important Event
2026-08-14T00:04:45Z,0.8435,0.6921,0.815,0.7744,0.3724,Scenario B: Sudden Important Event
2026-08-14T00:04:46Z,0.8727,0.8161,0.9047,0.7862,0.3846,Scenario B: Sudden Important Event
2026-08-14T00:04:47Z,0.7834,0.7183,0.7762,0.8862,0.2974,Scenario B: Sudden Important Event
2026-08-14T00:04:48Z,0.9482,0.842,0.944,0.7863,0.3213,Scenario B: Sudden Important Event
2026-08-14T00:04:49Z,0.7963,0.6464,0.8408,0.855,0.353,Scenario B: Sudden Important Event
2026-08-14T00:04:50Z,0.9385,0.8172,0.7972,0.8918,0.235,Scenario B: Sudden Important Event
2026-08-14T00:04:51Z,0.8799,0.7941,0.7647,0.7714,0.3005,Scenario B: Sudden Important Event
2026-08-14T00:04:52Z,0.8715,0.7927,0.784,0.8635,0.2797,Scenario B: Sudden Important Event
2026-08-14T00:04:53Z,0.8525,0.8112,0.854,0.8013,0.2293,Scenario B: Sudden Important Event
2026-08-14T00:04:54Z,0.7961,0.7903,0.8174,0.9426,0.2735,Scenario B: Sudden Important Event
2026-08-14T00:04:55Z,0.7853,0.7566,0.9158,0.8467,0.2136,Scenario B: Sudden Important Event
2026-08-14T00:04:56Z,0.7941,0.6328,0.8362,0.9112,0.2052,Scenario B: Sudden Important Event
2026-08-14T00:04:57Z,0.7873,0.6081,0.7997,0.86,0.227,Scenario B: Sudden Important Event
2026-08-14T00:04:58Z,0.9059,0.8302,0.8734,0.7587,0.3926,Scenario B: Sudden Important Event
2026-08-14T00:04:59Z,0.82,0.7542,0.8914,0.8766,0.3099,Scenario B: Sudden Important Event
2026-08-14T00:05:00Z,0.7616,0.7991,0.7834,0.9403,0.3932,Scenario B: Sudden Important Event
2026-08-14T00:05:01Z,0.9438,0.7204,0.7835,0.8703,0.2865,Scenario B: Sudden Important Event
2026-08-14T00:05:02Z,0.9268,0.6293,0.7573,0.9138,0.2624,Scenario B: Sudden Important Event
2026-08-14T00:05:03Z,0.9356,0.6313,0.8973,0.9268,0.3012,Scenario B: Sudden Important Event
2026-08-14T00:05:04Z,0.949,0.7714,0.8828,0.7956,0.2879,Scenario B: Sudden Important Event
2026-08-14T00:05:05Z,0.7848,0.7076,0.8449,0.7924,0.2211,Scenario B: Sudden Important Event
2026-08-14T00:05:06Z,0.8292,0.6501,0.9188,0.8722,0.3282,Scenario B: Sudden Important Event
2026-08-14T00:05:07Z,0.9016,0.7229,0.9111,0.8322,0.2432,Scenario B: Sudden Important Event
2026-08-14T00:05:08Z,0.8892,0.6161,0.8671,0.918,0.3239,Scenario B: Sudden Important Event
2026-08-14T00:05:09Z,0.7808,0.7455,0.9237,0.93,0.33,Scenario B: Sudden Important Event
2026-08-14T00:05:10Z,0.9132,0.6672,0.7912,0.8207,0.2304,Scenario B: Sudden Important Event
2026-08-14T00:05:11Z,0.7949,0.7994,0.7724,0.7974,0.2123,Scenario B: Sudden Important Event
2026-08-14T00:05:12Z,0.7948,0.6776,0.8039,0.9061,0.3562,Scenario B: Sudden Important Event
2026-08-14T00:05:13Z,0.8574,0.7138,0.7614,0.805,0.292,Scenario B: Sudden Important Event
2026-08-14T00:05:14Z,0.8686,0.6029,0.8562,0.9145,0.2116,Scenario B: Sudden Important Event
2026-08-14T00:05:15Z,0.866,0.6181,0.9373,0.8347,0.399,Scenario B: Sudden Important Event
2026-08-14T00:05:16Z,0.7683,0.6981,0.7579,0.8835,0.2116,Scenario B: Sudden Important Event
2026-08-14T00:05:17Z,0.9255,0.72,0.7744,0.7691,0.339,Scenario B: Sudden Important Event
2026-08-14T00:05:18Z,0.8031,0.75,0.8404,0.8748,0.3967,Scenario B: Sudden Important Event
2026-08-14T00:05:19Z,0.7759,0.6729,0.9368,0.8404,0.2478,Scenario B: Sudden Important Event
2026-08-14T00:05:20Z,0.9277,0.7737,0.8132,0.8673,0.2284,Scenario B: Sudden Important Event
2026-08-14T00:05:21Z,0.9411,0.815,0.8514,0.7836,0.2243,Scenario B: Sudden Important Event
2026-08-14T00:05:22Z,0.9224,0.795,0.7583,0.8974,0.2607,Scenario B: Sudden Important Event
2026-08-14T00:05:23Z,0.9119,0.6099,0.7797,0.9226,0.2202,Scenario B: Sudden Important Event
2026-08-14T00:05:24Z,0.881,0.7201,0.9473,0.7933,0.3384,Scenario B: Sudden Important Event
2026-08-14T00:05:25Z,0.8602,0.6262,0.943,0.7691,0.2125,Scenario B: Sudden Important Event
2026-08-14T00:05:26Z,0.7674,0.6605,0.751,0.7547,0.3019,Scenario B: Sudden Important Event
2026-08-14T00:05:27Z,0.8317,0.8467,0.9404,0.8784,0.3993,Scenario B: Sudden Important Event
2026-08-14T00:05:28Z,0.8245,0.6356,0.8778,0.8714,0.3628,Scenario B: Sudden Important Event
2026-08-14T00:05:29Z,0.802,0.7247,0.9236,0.8593,0.323,Scenario B: Sudden Important Event
2026-08-14T00:05:30Z,0.8947,0.7545,0.8409,0.7964,0.2613,Scenario B: Sudden Important Event
2026-08-14T00:05:31Z,0.8492,0.7756,0.8531,0.8282,0.3248,Scenario B: Sudden Important Event
2026-08-14T00:05:32Z,0.7662,0.7399,0.8478,0.8689,0.3054,Scenario B: Sudden Important Event
2026-08-14T00:05:33Z,0.794,0.6024,0.8834,0.8494,0.2852,Scenario B: Sudden Important Event
2026-08-14T00:05:34Z,0.8867,0.6816,0.7779,0.9476,0.2261,Scenario B: Sudden Important Event
2026-08-14T00:05:35Z,0.7652,0.7294,0.756,0.7773,0.3773,Scenario B: Sudden Important Event
2026-08-14T00:05:36Z,0.9202,0.622,0.8116,0.889,0.29,Scenario B: Sudden Important Event
2026-08-14T00:05:37Z,0.849,0.6877,0.8909,0.8309,0.2389,Scenario B: Sudden Important Event
2026-08-14T00:05:38Z,0.8461,0.6083,0.7904,0.8356,0.2736,Scenario B: Sudden Important Event
2026-08-14T00:05:39Z,0.8685,0.6196,0.8847,0.8935,0.2828,Scenario B: Sudden Important Event
2026-08-14T00:05:40Z,0.9149,0.6992,0.944,0.8885,0.3655,Scenario B: Sudden Important Event
2026-08-14T00:05:41Z,0.8196,0.6332,0.7688,0.9483,0.3467,Scenario B: Sudden Important Event
2026-08-14T00:05:42Z,0.8856,0.7419,0.8845,0.7757,0.3539,Scenario B: Sudden Important Event
2026-08-14T00:05:43Z,0.8631,0.7724,0.8388,0.7708,0.2022,Scenario B: Sudden Important Event
2026-08-14T00:05:44Z,0.8034,0.8001,0.9236,0.8949,0.2832,Scenario B: Sudden Important Event
2026-08-14T00:05:45Z,0.9257,0.65,0.7854,0.8657,0.2963,Scenario B: Sudden Important Event
2026-08-14T00:05:46Z,0.9095,0.6419,0.8885,0.8048,0.2038,Scenario B: Sudden Important Event
2026-08-14T00:05:47Z,0.8817,0.6261,0.9176,0.7659,0.252,Scenario B: Sudden Important Event
2026-08-14T00:05:48Z,0.9201,0.7591,0.9389,0.7671,0.3521,Scenario B: Sudden Important Event
2026-08-14T00:05:49Z,0.9235,0.7766,0.8866,0.9288,0.2274,Scenario B: Sudden Important Event
2026-08-14T00:05:50Z,0.1056,0.2899,0.1056,0.1056,0.256,Scenario C: Gradual Trend
2026-08-14T00:05:51Z,0.159,0.3553,0.159,0.159,0.3717,Scenario C: Gradual Trend
2026-08-14T00:05:52Z,0.1566,0.2131,0.1566,0.1566,0.2584,Scenario C: Gradual Trend
2026-08-14T00:05:53Z,0.1779,0.2975,0.1779,0.1779,0.3822,Scenario C: Gradual Trend
2026-08-14T00:05:54Z,0.1677,0.2067,0.1677,0.1677,0.3508,Scenario C: Gradual Trend
2026-08-14T00:05:55Z,0.1384,0.2125,0.1384,0.1384,0.361,Scenario C: Gradual Trend
2026-08-14T00:05:56Z,0.207,0.3813,0.207,0.207,0.2036,Scenario C: Gradual Trend
2026-08-14T00:05:57Z,0.1699,0.2278,0.1699,0.1699,0.3926,Scenario C: Gradual Trend
2026-08-14T00:05:58Z,0.1773,0.3065,0.1773,0.1773,0.3453,Scenario C: Gradual Trend
2026-08-14T00:05:59Z,0.1537,0.2822,0.1537,0.1537,0.261,Scenario C: Gradual Trend
2026-08-14T00:06:00Z,0.1719,0.2695,0.1719,0.1719,0.3659,Scenario C: Gradual Trend
2026-08-14T00:06:01Z,0.1621,0.38,0.1621,0.1621,0.2563,Scenario C: Gradual Trend
2026-08-14T00:06:02Z,0.187,0.2044,0.187,0.187,0.3746,Scenario C: Gradual Trend
2026-08-14T00:06:03Z,0.2471,0.3328,0.2471,0.2471,0.2225,Scenario C: Gradual Trend
2026-08-14T00:06:04Z,0.1581,0.3927,0.1581,0.1581,0.3407,Scenario C: Gradual Trend
2026-08-14T00:06:05Z,0.1544,0.312,0.1544,0.1544,0.3081,Scenario C: Gradual Trend
2026-08-14T00:06:06Z,0.2504,0.3874,0.2504,0.2504,0.2193,Scenario C: Gradual Trend
2026-08-14T00:06:07Z,0.2035,0.2105,0.2035,0.2035,0.2484,Scenario C: Gradual Trend
2026-08-14T00:06:08Z,0.1932,0.2838,0.1932,0.1932,0.2025,Scenario C: Gradual Trend
2026-08-14T00:06:09Z,0.248,0.252,0.248,0.248,0.2938,Scenario C: Gradual Trend
2026-08-14T00:06:10Z,0.2022,0.3462,0.2022,0.2022,0.2603,Scenario C: Gradual Trend
2026-08-14T00:06:11Z,0.2786,0.3963,0.2786,0.2786,0.3197,Scenario C: Gradual Trend
2026-08-14T00:06:12Z,0.2477,0.2513,0.2477,0.2477,0.2594,Scenario C: Gradual Trend
2026-08-14T00:06:13Z,0.2163,0.3308,0.2163,0.2163,0.26,Scenario C: Gradual Trend
2026-08-14T00:06:14Z,0.2991,0.2396,0.2991,0.2991,0.3486,Scenario C: Gradual Trend
2026-08-14T00:06:15Z,0.2198,0.3131,0.2198,0.2198,0.2096,Scenario C: Gradual Trend
2026-08-14T00:06:16Z,0.2637,0.2928,0.2637,0.2637,0.3806,Scenario C: Gradual Trend
2026-08-14T00:06:17Z,0.254,0.3944,0.254,0.254,0.3705,Scenario C: Gradual Trend
2026-08-14T00:06:18Z,0.2875,0.3217,0.2875,0.2875,0.3336,Scenario C: Gradual Trend
2026-08-14T00:06:19Z,0.2989,0.2699,0.2989,0.2989,0.3186,Scenario C: Gradual Trend
2026-08-14T00:06:20Z,0.2565,0.2228,0.2565,0.2565,0.3785,Scenario C: Gradual Trend
2026-08-14T00:06:21Z,0.2364,0.2302,0.2364,0.2364,0.2371,Scenario C: Gradual Trend
2026-08-14T00:06:22Z,0.2764,0.2451,0.2764,0.2764,0.2158,Scenario C: Gradual Trend
2026-08-14T00:06:23Z,0.2457,0.2502,0.2457,0.2457,0.2479,Scenario C: Gradual Trend
2026-08-14T00:06:24Z,0.33,0.3701,0.33,0.33,0.3589,Scenario C: Gradual Trend
2026-08-14T00:06:25Z,0.2772,0.3122,0.2772,0.2772,0.2069,Scenario C: Gradual Trend
2026-08-14T00:06:26Z,0.2657,0.3047,0.2657,0.2657,0.3166,Scenario C: Gradual Trend
2026-08-14T00:06:27Z,0.2857,0.223,0.2857,0.2857,0.3991,Scenario C: Gradual Trend
2026-08-14T00:06:28Z,0.2433,0.372,0.2433,0.2433,0.3711,Scenario C: Gradual Trend
2026-08-14T00:06:29Z,0.258,0.3446,0.258,0.258,0.3043,Scenario C: Gradual Trend
2026-08-14T00:06:30Z,0.3267,0.2135,0.3267,0.3267,0.2127,Scenario C: Gradual Trend
2026-08-14T00:06:31Z,0.2745,0.3416,0.2745,0.2745,0.3663,Scenario C: Gradual Trend
2026-08-14T00:06:32Z,0.2663,0.3087,0.2663,0.2663,0.3198,Scenario C: Gradual Trend
2026-08-14T00:06:33Z,0.3174,0.2163,0.3174,0.3174,0.223,Scenario C: Gradual Trend
2026-08-14T00:06:34Z,0.3403,0.2917,0.3403,0.3403,0.2188,Scenario C: Gradual Trend
2026-08-14T00:06:35Z,0.3299,0.2969,0.3299,0.3299,0.3819,Scenario C: Gradual Trend
2026-08-14T00:06:36Z,0.3417,0.2332,0.3417,0.3417,0.3338,Scenario C: Gradual Trend
2026-08-14T00:06:37Z,0.2926,0.3891,0.2926,0.2926,0.3659,Scenario C: Gradual Trend
2026-08-14T00:06:38Z,0.2762,0.37,0.2762,0.2762,0.3758,Scenario C: Gradual Trend
2026-08-14T00:06:39Z,0.3674,0.3338,0.3674,0.3674,0.3144,Scenario C: Gradual Trend
2026-08-14T00:06:40Z,0.3162,0.2925,0.3162,0.3162,0.3035,Scenario C: Gradual Trend
2026-08-14T00:06:41Z,0.3219,0.2824,0.3219,0.3219,0.2861,Scenario C: Gradual Trend
2026-08-14T00:06:42Z,0.3728,0.3302,0.3728,0.3728,0.2634,Scenario C: Gradual Trend
2026-08-14T00:06:43Z,0.3531,0.3091,0.3531,0.3531,0.2869,Scenario C: Gradual Trend
2026-08-14T00:06:44Z,0.3536,0.2125,0.3536,0.3536,0.3548,Scenario C: Gradual Trend
2026-08-14T00:06:45Z,0.4084,0.3025,0.4084,0.4084,0.3204,Scenario C: Gradual Trend
2026-08-14T00:06:46Z,0.3277,0.3613,0.3277,0.3277,0.3785,Scenario C: Gradual Trend
2026-08-14T00:06:47Z,0.3783,0.2918,0.3783,0.3783,0.2887,Scenario C: Gradual Trend
2026-08-14T00:06:48Z,0.3557,0.2104,0.3557,0.3557,0.3214,Scenario C: Gradual Trend
2026-08-14T00:06:49Z,0.3656,0.3573,0.3656,0.3656,0.3263,Scenario C: Gradual Trend
2026-08-14T00:06:50Z,0.4069,0.2403,0.4069,0.4069,0.3183,Scenario C: Gradual Trend
2026-08-14T00:06:51Z,0.3798,0.2517,0.3798,0.3798,0.3405,Scenario C: Gradual Trend
2026-08-14T00:06:52Z,0.3842,0.2329,0.3842,0.3842,0.2475,Scenario C: Gradual Trend
2026-08-14T00:06:53Z,0.4038,0.266,0.4038,0.4038,0.3025,Scenario C: Gradual Trend
2026-08-14T00:06:54Z,0.3642,0.3514,0.3642,0.3642,0.2208,Scenario C: Gradual Trend
2026-08-14T00:06:55Z,0.3535,0.3039,0.3535,0.3535,0.2769,Scenario C: Gradual Trend
2026-08-14T00:06:56Z,0.3508,0.241,0.3508,0.3508,0.2975,Scenario C: Gradual Trend
2026-08-14T00:06:57Z,0.3267,0.3756,0.3267,0.3267,0.3304,Scenario C: Gradual Trend
2026-08-14T00:06:58Z,0.4509,0.3759,0.4509,0.4509,0.3901,Scenario C: Gradual Trend
2026-08-14T00:06:59Z,0.3596,0.3741,0.3596,0.3596,0.3201,Scenario C: Gradual Trend
2026-08-14T00:07:00Z,0.3896,0.2478,0.3896,0.3896,0.3487,Scenario C: Gradual Trend
2026-08-14T00:07:01Z,0.3914,0.2902,0.3914,0.3914,0.3013,Scenario C: Gradual Trend
2026-08-14T00:07:02Z,0.4125,0.397,0.4125,0.4125,0.3268,Scenario C: Gradual Trend
2026-08-14T00:07:03Z,0.4313,0.3544,0.4313,0.4313,0.2142,Scenario C: Gradual Trend
2026-08-14T00:07:04Z,0.4361,0.2054,0.4361,0.4361,0.2509,Scenario C: Gradual Trend
2026-08-14T00:07:05Z,0.3963,0.213,0.3963,0.3963,0.2724,Scenario C: Gradual Trend
2026-08-14T00:07:06Z,0.4123,0.2928,0.4123,0.4123,0.2945,Scenario C: Gradual Trend
2026-08-14T00:07:07Z,0.4293,0.3818,0.4293,0.4293,0.2091,Scenario C: Gradual Trend
2026-08-14T00:07:08Z,0.4169,0.3077,0.4169,0.4169,0.228,Scenario C: Gradual Trend
2026-08-14T00:07:09Z,0.4761,0.2996,0.4761,0.4761,0.2554,Scenario C: Gradual Trend
2026-08-14T00:07:10Z,0.4461,0.2211,0.4461,0.4461,0.3943,Scenario C: Gradual Trend
2026-08-14T00:07:11Z,0.457,0.3314,0.457,0.457,0.2663,Scenario C: Gradual Trend
2026-08-14T00:07:12Z,0.4583,0.3644,0.4583,0.4583,0.2964,Scenario C: Gradual Trend
2026-08-14T00:07:13Z,0.4772,0.2761,0.4772,0.4772,0.2392,Scenario C: Gradual Trend
2026-08-14T00:07:14Z,0.4509,0.3551,0.4509,0.4509,0.3222,Scenario C: Gradual Trend
2026-08-14T00:07:15Z,0.4101,0.3929,0.4101,0.4101,0.2561,Scenario C: Gradual Trend
2026-08-14T00:07:16Z,0.4645,0.2408,0.4645,0.4645,0.2414,Scenario C: Gradual Trend
2026-08-14T00:07:17Z,0.4365,0.3047,0.4365,0.4365,0.3033,Scenario C: Gradual Trend
2026-08-14T00:07:18Z,0.4437,0.2574,0.4437,0.4437,0.2011,Scenario C: Gradual Trend
2026-08-14T00:07:19Z,0.4807,0.3586,0.4807,0.4807,0.2015,Scenario C: Gradual Trend
2026-08-14T00:07:20Z,0.5037,0.3155,0.5037,0.5037,0.2438,Scenario C: Gradual Trend
2026-08-14T00:07:21Z,0.4707,0.3269,0.4707,0.4707,0.2073,Scenario C: Gradual Trend
2026-08-14T00:07:22Z,0.4829,0.3596,0.4829,0.4829,0.2216,Scenario C: Gradual Trend
2026-08-14T00:07:23Z,0.5282,0.2792,0.5282,0.5282,0.2678,Scenario C: Gradual Trend
2026-08-14T00:07:24Z,0.4879,0.383,0.4879,0.4879,0.3605,Scenario C: Gradual Trend
2026-08-14T00:07:25Z,0.5622,0.3066,0.5622,0.5622,0.3144,Scenario C: Gradual Trend
2026-08-14T00:07:26Z,0.5047,0.2316,0.5047,0.5047,0.3025,Scenario C: Gradual Trend
2026-08-14T00:07:27Z,0.4384,0.3392,0.4384,0.4384,0.2587,Scenario C: Gradual Trend
2026-08-14T00:07:28Z,0.5173,0.3587,0.5173,0.5173,0.3864,Scenario C: Gradual Trend
2026-08-14T00:07:29Z,0.5097,0.2634,0.5097,0.5097,0.2794,Scenario C: Gradual Trend
2026-08-14T00:07:30Z,0.5405,0.3714,0.5405,0.5405,0.2174,Scenario C: Gradual Trend
2026-08-14T00:07:31Z,0.5255,0.3812,0.5255,0.5255,0.3234,Scenario C: Gradual Trend
2026-08-14T00:07:32Z,0.5046,0.2554,0.5046,0.5046,0.2228,Scenario C: Gradual Trend
2026-08-14T00:07:33Z,0.4756,0.3967,0.4756,0.4756,0.269,Scenario C: Gradual Trend
2026-08-14T00:07:34Z,0.5096,0.2281,0.5096,0.5096,0.3015,Scenario C: Gradual Trend
2026-08-14T00:07:35Z,0.4938,0.2404,0.4938,0.4938,0.3748,Scenario C: Gradual Trend
2026-08-14T00:07:36Z,0.5054,0.2368,0.5054,0.5054,0.2987,Scenario C: Gradual Trend
2026-08-14T00:07:37Z,0.544,0.3788,0.544,0.544,0.3405,Scenario C: Gradual Trend
2026-08-14T00:07:38Z,0.58,0.3309,0.58,0.58,0.3986,Scenario C: Gradual Trend
2026-08-14T00:07:39Z,0.5453,0.2304,0.5453,0.5453,0.2263,Scenario C: Gradual Trend
2026-08-14T00:07:40Z,0.5011,0.2881,0.5011,0.5011,0.2549,Scenario C: Gradual Trend
2026-08-14T00:07:41Z,0.5538,0.3231,0.5538,0.5538,0.2789,Scenario C: Gradual Trend
2026-08-14T00:07:42Z,0.5799,0.2167,0.5799,0.5799,0.2844,Scenario C: Gradual Trend
2026-08-14T00:07:43Z,0.5292,0.3765,0.5292,0.5292,0.2822,Scenario C: Gradual Trend
2026-08-14T00:07:44Z,0.547,0.3607,0.547,0.547,0.3815,Scenario C: Gradual Trend
2026-08-14T00:07:45Z,0.555,0.301,0.555,0.555,0.3428,Scenario C: Gradual Trend
2026-08-14T00:07:46Z,0.5345,0.3934,0.5345,0.5345,0.3216,Scenario C: Gradual Trend
2026-08-14T00:07:47Z,0.581,0.2836,0.581,0.581,0.2619,Scenario C: Gradual Trend
2026-08-14T00:07:48Z,0.5614,0.3968,0.5614,0.5614,0.3648,Scenario C: Gradual Trend
2026-08-14T00:07:49Z,0.5812,0.3336,0.5812,0.5812,0.391,Scenario C: Gradual Trend
2026-08-14T00:07:50Z,0.5455,0.3269,0.5455,0.5455,0.3642,Scenario C: Gradual Trend
2026-08-14T00:07:51Z,0.5625,0.2332,0.5625,0.5625,0.2003,Scenario C: Gradual Trend
2026-08-14T00:07:52Z,0.6008,0.3764,0.6008,0.6008,0.3273,Scenario C: Gradual Trend
2026-08-14T00:07:53Z,0.5715,0.2855,0.5715,0.5715,0.2102,Scenario C: Gradual Trend
2026-08-14T00:07:54Z,0.638,0.2324,0.638,0.638,0.2515,Scenario C: Gradual Trend
2026-08-14T00:07:55Z,0.5777,0.2025,0.5777,0.5777,0.2119,Scenario C: Gradual Trend
2026-08-14T00:07:56Z,0.6,0.312,0.6,0.6,0.3208,Scenario C: Gradual Trend
2026-08-14T00:07:57Z,0.6247,0.3055,0.6247,0.6247,0.3373,Scenario C: Gradual Trend
2026-08-14T00:07:58Z,0.5577,0.3439,0.5577,0.5577,0.2229,Scenario C: Gradual Trend
2026-08-14T00:07:59Z,0.5509,0.3781,0.5509,0.5509,0.2768,Scenario C: Gradual Trend
2026-08-14T00:08:00Z,0.5615,0.2159,0.5615,0.5615,0.2912,Scenario C: Gradual Trend
2026-08-14T00:08:01Z,0.6487,0.3463,0.6487,0.6487,0.2738,Scenario C: Gradual Trend
2026-08-14T00:08:02Z,0.5978,0.2375,0.5978,0.5978,0.2242,Scenario C: Gradual Trend
2026-08-14T00:08:03Z,0.6946,0.3716,0.6946,0.6946,0.2838,Scenario C: Gradual Trend
2026-08-14T00:08:04Z,0.6044,0.3638,0.6044,0.6044,0.3502,Scenario C: Gradual Trend
2026-08-14T00:08:05Z,0.6304,0.3082,0.6304,0.6304,0.2142,Scenario C: Gradual Trend
2026-08-14T00:08:06Z,0.6747,0.342,0.6747,0.6747,0.216,Scenario C: Gradual Trend
2026-08-14T00:08:07Z,0.6921,0.2629,0.6921,0.6921,0.271,Scenario C: Gradual Trend
2026-08-14T00:08:08Z,0.6973,0.2942,0.6973,0.6973,0.3883,Scenario C: Gradual Trend
2026-08-14T00:08:09Z,0.6752,0.3643,0.6752,0.6752,0.3337,Scenario C: Gradual Trend
2026-08-14T00:08:10Z,0.6732,0.2919,0.6732,0.6732,0.3357,Scenario C: Gradual Trend
2026-08-14T00:08:11Z,0.6638,0.2716,0.6638,0.6638,0.2724,Scenario C: Gradual Trend
2026-08-14T00:08:12Z,0.6728,0.2988,0.6728,0.6728,0.3187,Scenario C: Gradual Trend
2026-08-14T00:08:13Z,0.6365,0.3656,0.6365,0.6365,0.202,Scenario C: Gradual Trend
2026-08-14T00:08:14Z,0.632,0.267,0.632,0.632,0.3272,Scenario C: Gradual Trend
2026-08-14T00:08:15Z,0.6599,0.2348,0.6599,0.6599,0.3827,Scenario C: Gradual Trend
2026-08-14T00:08:16Z,0.6585,0.3424,0.6585,0.6585,0.3225,Scenario C: Gradual Trend
2026-08-14T00:08:17Z,0.6535,0.3652,0.6535,0.6535,0.3747,Scenario C: Gradual Trend
2026-08-14T00:08:18Z,0.6915,0.2201,0.6915,0.6915,0.3448,Scenario C: Gradual Trend
2026-08-14T00:08:19Z,0.7028,0.248,0.7028,0.7028,0.2241,Scenario C: Gradual Trend
2026-08-14T00:08:20Z,0.6803,0.2284,0.6803,0.6803,0.3805,Scenario C: Gradual Trend
2026-08-14T00:08:21Z,0.7255,0.2696,0.7255,0.7255,0.2133,Scenario C: Gradual Trend
2026-08-14T00:08:22Z,0.6504,0.2901,0.6504,0.6504,0.3068,Scenario C: Gradual Trend
2026-08-14T00:08:23Z,0.6824,0.3498,0.6824,0.6824,0.2284,Scenario C: Gradual Trend
2026-08-14T00:08:24Z,0.6702,0.3302,0.6702,0.6702,0.2023,Scenario C: Gradual Trend
2026-08-14T00:08:25Z,0.6392,0.3242,0.6392,0.6392,0.2844,Scenario C: Gradual Trend
2026-08-14T00:08:26Z,0.6963,0.2705,0.6963,0.6963,0.259,Scenario C: Gradual Trend
2026-08-14T00:08:27Z,0.6986,0.3683,0.6986,0.6986,0.2972,Scenario C: Gradual Trend
2026-08-14T00:08:28Z,0.7512,0.2943,0.7512,0.7512,0.3154,Scenario C: Gradual Trend
2026-08-14T00:08:29Z,0.7282,0.3958,0.7282,0.7282,0.2087,Scenario C: Gradual Trend
2026-08-14T00:08:30Z,0.6821,0.3268,0.6821,0.6821,0.2246,Scenario C: Gradual Trend
2026-08-14T00:08:31Z,0.772,0.2253,0.772,0.772,0.3117,Scenario C: Gradual Trend
2026-08-14T00:08:32Z,0.7565,0.3352,0.7565,0.7565,0.2686,Scenario C: Gradual Trend
2026-08-14T00:08:33Z,0.7408,0.265,0.7408,0.7408,0.3458,Scenario C: Gradual Trend
2026-08-14T00:08:34Z,0.7201,0.3373,0.7201,0.7201,0.3305,Scenario C: Gradual Trend
2026-08-14T00:08:35Z,0.7016,0.2139,0.7016,0.7016,0.3691,Scenario C: Gradual Trend
2026-08-14T00:08:36Z,0.7228,0.235,0.7228,0.7228,0.3385,Scenario C: Gradual Trend
2026-08-14T00:08:37Z,0.7701,0.3711,0.7701,0.7701,0.286,Scenario C: Gradual Trend
2026-08-14T00:08:38Z,0.7975,0.2454,0.7975,0.7975,0.3346,Scenario C: Gradual Trend
2026-08-14T00:08:39Z,0.7908,0.3674,0.7908,0.7908,0.2551,Scenario C: Gradual Trend
2026-08-14T00:08:40Z,0.7333,0.2559,0.7333,0.7333,0.2613,Scenario C: Gradual Trend
2026-08-14T00:08:41Z,0.7179,0.3286,0.7179,0.7179,0.3578,Scenario C: Gradual Trend
2026-08-14T00:08:42Z,0.7593,0.3388,0.7593,0.7593,0.2893,Scenario C: Gradual Trend
2026-08-14T00:08:43Z,0.7055,0.3025,0.7055,0.7055,0.3597,Scenario C: Gradual Trend
2026-08-14T00:08:44Z,0.7718,0.2611,0.7718,0.7718,0.3645,Scenario C: Gradual Trend
2026-08-14T00:08:45Z,0.7611,0.2425,0.7611,0.7611,0.3715,Scenario C: Gradual Trend
2026-08-14T00:08:46Z,0.7551,0.2066,0.7551,0.7551,0.3833,Scenario C: Gradual Trend
2026-08-14T00:08:47Z,0.7248,0.2608,0.7248,0.7248,0.2862,Scenario C: Gradual Trend
2026-08-14T00:08:48Z,0.7915,0.3306,0.7915,0.7915,0.2638,Scenario C: Gradual Trend
2026-08-14T00:08:49Z,0.7637,0.3877,0.7637,0.7637,0.3164,Scenario C: Gradual Trend
2026-08-14T00:08:50Z,0.7481,0.3742,0.7481,0.7481,0.2742,Scenario C: Gradual Trend
2026-08-14T00:08:51Z,0.7005,0.3532,0.7005,0.7005,0.3202,Scenario C: Gradual Trend
2026-08-14T00:08:52Z,0.7894,0.3577,0.7894,0.7894,0.3411,Scenario C: Gradual Trend
2026-08-14T00:08:53Z,0.8469,0.333,0.8469,0.8469,0.3377,Scenario C: Gradual Trend
2026-08-14T00:08:54Z,0.8471,0.2521,0.8471,0.8471,0.2749,Scenario C: Gradual Trend
2026-08-14T00:08:55Z,0.787,0.3814,0.787,0.787,0.2334,Scenario C: Gradual Trend
2026-08-14T00:08:56Z,0.7862,0.3341,0.7862,0.7862,0.2861,Scenario C: Gradual Trend
2026-08-14T00:08:57Z,0.8219,0.3121,0.8219,0.8219,0.2285,Scenario C: Gradual Trend
2026-08-14T00:08:58Z,0.7814,0.2222,0.7814,0.7814,0.378,Scenario C: Gradual Trend
2026-08-14T00:08:59Z,0.8239,0.2894,0.8239,0.8239,0.2692,Scenario C: Gradual Trend
2026-08-14T00:09:00Z,0.8413,0.2921,0.8413,0.8413,0.2309,Scenario C: Gradual Trend
2026-08-14T00:09:01Z,0.8587,0.3729,0.8587,0.8587,0.2051,Scenario C: Gradual Trend
2026-08-14T00:09:02Z,0.8224,0.3093,0.8224,0.8224,0.3292,Scenario C: Gradual Trend
2026-08-14T00:09:03Z,0.8228,0.2761,0.8228,0.8228,0.3274,Scenario C: Gradual Trend
2026-08-14T00:09:04Z,0.8061,0.3954,0.8061,0.8061,0.2681,Scenario C: Gradual Trend
2026-08-14T00:09:05Z,0.8111,0.2221,0.8111,0.8111,0.2143,Scenario C: Gradual Trend
2026-08-14T00:09:06Z,0.8327,0.2845,0.8327,0.8327,0.2819,Scenario C: Gradual Trend
2026-08-14T00:09:07Z,0.854,0.2084,0.854,0.854,0.2622,Scenario C: Gradual Trend
2026-08-14T00:09:08Z,0.8739,0.348,0.8739,0.8739,0.3354,Scenario C: Gradual Trend
2026-08-14T00:09:09Z,0.8259,0.3836,0.8259,0.8259,0.3212,Scenario C: Gradual Trend
2026-08-14T00:09:10Z,0.5729,0.9179,0.724,0.2442,0.3312,Scenario D: High Uncertainty
2026-08-14T00:09:11Z,0.5436,0.8889,0.7531,0.2078,0.1524,Scenario D: High Uncertainty
2026-08-14T00:09:12Z,0.6976,0.86,0.7035,0.2072,0.2848,Scenario D: High Uncertainty
2026-08-14T00:09:13Z,0.5908,0.9151,0.7587,0.235,0.1604,Scenario D: High Uncertainty
2026-08-14T00:09:14Z,0.6377,0.9533,0.8546,0.3734,0.2598,Scenario D: High Uncertainty
2026-08-14T00:09:15Z,0.5281,0.9419,0.8036,0.2565,0.2075,Scenario D: High Uncertainty
2026-08-14T00:09:16Z,0.5971,0.8565,0.7696,0.3901,0.2114,Scenario D: High Uncertainty
2026-08-14T00:09:17Z,0.5055,0.8595,0.7743,0.3163,0.2206,Scenario D: High Uncertainty
2026-08-14T00:09:18Z,0.6011,0.9024,0.7003,0.2873,0.2743,Scenario D: High Uncertainty
2026-08-14T00:09:19Z,0.6928,0.8884,0.76,0.316,0.2168,Scenario D: High Uncertainty
2026-08-14T00:09:20Z,0.5768,0.8802,0.8293,0.3033,0.2965,Scenario D: High Uncertainty
2026-08-14T00:09:21Z,0.5078,0.8865,0.8948,0.3518,0.2309,Scenario D: High Uncertainty
2026-08-14T00:09:22Z,0.5062,0.9545,0.8694,0.2565,0.1637,Scenario D: High Uncertainty
2026-08-14T00:09:23Z,0.5776,0.9708,0.7047,0.2706,0.3068,Scenario D: High Uncertainty
2026-08-14T00:09:24Z,0.532,0.9027,0.8797,0.3788,0.2072,Scenario D: High Uncertainty
2026-08-14T00:09:25Z,0.5047,0.9678,0.8566,0.3893,0.2366,Scenario D: High Uncertainty
2026-08-14T00:09:26Z,0.6512,0.8918,0.8561,0.3785,0.2871,Scenario D: High Uncertainty
2026-08-14T00:09:27Z,0.5917,0.9119,0.7916,0.2839,0.2165,Scenario D: High Uncertainty
2026-08-14T00:09:28Z,0.5578,0.8794,0.7796,0.3561,0.1613,Scenario D: High Uncertainty
2026-08-14T00:09:29Z,0.68,0.9333,0.7606,0.2953,0.2248,Scenario D: High Uncertainty
2026-08-14T00:09:30Z,0.5232,0.9773,0.7131,0.2995,0.3389,Scenario D: High Uncertainty
2026-08-14T00:09:31Z,0.6912,0.9285,0.7456,0.2409,0.2783,Scenario D: High Uncertainty
2026-08-14T00:09:32Z,0.5628,0.8965,0.7493,0.3182,0.2843,Scenario D: High Uncertainty
2026-08-14T00:09:33Z,0.6777,0.9342,0.7968,0.2372,0.2765,Scenario D: High Uncertainty
2026-08-14T00:09:34Z,0.6206,0.866,0.8495,0.2663,0.1898,Scenario D: High Uncertainty
2026-08-14T00:09:35Z,0.6653,0.9655,0.7948,0.371,0.2337,Scenario D: High Uncertainty
2026-08-14T00:09:36Z,0.6968,0.9154,0.7116,0.2414,0.3002,Scenario D: High Uncertainty
2026-08-14T00:09:37Z,0.5577,0.9084,0.8916,0.2142,0.1703,Scenario D: High Uncertainty
2026-08-14T00:09:38Z,0.6922,0.9262,0.8885,0.2138,0.2056,Scenario D: High Uncertainty
2026-08-14T00:09:39Z,0.5779,0.9312,0.857,0.3882,0.2053,Scenario D: High Uncertainty
2026-08-14T00:09:40Z,0.5771,0.8593,0.8983,0.3014,0.2364,Scenario D: High Uncertainty
2026-08-14T00:09:41Z,0.5681,0.9387,0.8089,0.2819,0.3461,Scenario D: High Uncertainty
2026-08-14T00:09:42Z,0.6083,0.8815,0.8926,0.3622,0.1635,Scenario D: High Uncertainty
2026-08-14T00:09:43Z,0.5308,0.9428,0.7151,0.3672,0.2537,Scenario D: High Uncertainty
2026-08-14T00:09:44Z,0.6107,0.9569,0.7731,0.2664,0.1859,Scenario D: High Uncertainty
2026-08-14T00:09:45Z,0.6083,0.9545,0.7451,0.3387,0.3441,Scenario D: High Uncertainty
2026-08-14T00:09:46Z,0.6524,0.9218,0.7392,0.3542,0.1727,Scenario D: High Uncertainty
2026-08-14T00:09:47Z,0.6667,0.9176,0.7282,0.3309,0.2307,Scenario D: High Uncertainty
2026-08-14T00:09:48Z,0.5881,0.8686,0.8245,0.2303,0.2976,Scenario D: High Uncertainty
2026-08-14T00:09:49Z,0.5605,0.9508,0.8563,0.3752,0.2909,Scenario D: High Uncertainty
2026-08-14T00:09:50Z,0.5519,0.8853,0.8157,0.3078,0.2345,Scenario D: High Uncertainty
2026-08-14T00:09:51Z,0.5389,0.9146,0.7294,0.2565,0.2193,Scenario D: High Uncertainty
2026-08-14T00:09:52Z,0.5115,0.887,0.8622,0.285,0.2295,Scenario D: High Uncertainty
2026-08-14T00:09:53Z,0.5685,0.8674,0.8272,0.2075,0.2029,Scenario D: High Uncertainty
2026-08-14T00:09:54Z,0.554,0.9318,0.7776,0.2256,0.1911,Scenario D: High Uncertainty
2026-08-14T00:09:55Z,0.6933,0.8571,0.8348,0.3531,0.2466,Scenario D: High Uncertainty
2026-08-14T00:09:56Z,0.6115,0.9473,0.752,0.2,0.2037,Scenario D: High Uncertainty
2026-08-14T00:09:57Z,0.5695,0.8913,0.769,0.2833,0.2075,Scenario D: High Uncertainty
2026-08-14T00:09:58Z,0.6161,0.85,0.8835,0.3045,0.2814,Scenario D: High Uncertainty
2026-08-14T00:09:59Z,0.5278,0.9164,0.7581,0.2109,0.3437,Scenario D: High Uncertainty
2026-08-14T00:10:00Z,0.5888,0.8561,0.794,0.3946,0.2707,Scenario D: High Uncertainty
2026-08-14T00:10:01Z,0.6252,0.8859,0.878,0.2452,0.1654,Scenario D: High Uncertainty
2026-08-14T00:10:02Z,0.5978,0.9419,0.8415,0.2608,0.1651,Scenario D: High Uncertainty
2026-08-14T00:10:03Z,0.5804,0.8581,0.7124,0.2608,0.3403,Scenario D: High Uncertainty
2026-08-14T00:10:04Z,0.6988,0.9591,0.7295,0.2461,0.2095,Scenario D: High Uncertainty
2026-08-14T00:10:05Z,0.6761,0.8505,0.7016,0.2003,0.1684,Scenario D: High Uncertainty
2026-08-14T00:10:06Z,0.6247,0.8821,0.8262,0.3459,0.2698,Scenario D: High Uncertainty
2026-08-14T00:10:07Z,0.6139,0.9463,0.7895,0.3934,0.2747,Scenario D: High Uncertainty
2026-08-14T00:10:08Z,0.6241,0.8911,0.7269,0.2449,0.2797,Scenario D: High Uncertainty
2026-08-14T00:10:09Z,0.5403,0.8632,0.8916,0.3326,0.2035,Scenario D: High Uncertainty
2026-08-14T00:10:10Z,0.579,0.8968,0.8059,0.3484,0.153,Scenario D: High Uncertainty
2026-08-14T00:10:11Z,0.5079,0.8852,0.7484,0.3697,0.343,Scenario D: High Uncertainty
2026-08-14T00:10:12Z,0.5951,0.9596,0.8001,0.2845,0.2002,Scenario D: High Uncertainty
2026-08-14T00:10:13Z,0.6086,0.8907,0.8359,0.2606,0.2852,Scenario D: High Uncertainty
2026-08-14T00:10:14Z,0.5455,0.9526,0.7152,0.2651,0.2913,Scenario D: High Uncertainty
2026-08-14T00:10:15Z,0.6928,0.9659,0.7549,0.3425,0.272,Scenario D: High Uncertainty
2026-08-14T00:10:16Z,0.6819,0.9064,0.8614,0.3634,0.2126,Scenario D: High Uncertainty
2026-08-14T00:10:17Z,0.6444,0.9683,0.7919,0.2363,0.2042,Scenario D: High Uncertainty
2026-08-14T00:10:18Z,0.6067,0.8991,0.8093,0.2742,0.2695,Scenario D: High Uncertainty
2026-08-14T00:10:19Z,0.674,0.9753,0.7866,0.3804,0.3232,Scenario D: High Uncertainty
2026-08-14T00:10:20Z,0.5261,0.8616,0.7088,0.3613,0.3393,Scenario D: High Uncertainty
2026-08-14T00:10:21Z,0.6581,0.9393,0.7331,0.397,0.1712,Scenario D: High Uncertainty
2026-08-14T00:10:22Z,0.525,0.9142,0.7891,0.3508,0.181,Scenario D: High Uncertainty
2026-08-14T00:10:23Z,0.6588,0.9004,0.7418,0.2786,0.3389,Scenario D: High Uncertainty
2026-08-14T00:10:24Z,0.5552,0.9323,0.71,0.3181,0.2973,Scenario D: High Uncertainty
2026-08-14T00:10:25Z,0.6754,0.9415,0.8687,0.3322,0.3266,Scenario D: High Uncertainty
2026-08-14T00:10:26Z,0.6888,0.8506,0.8962,0.2157,0.1905,Scenario D: High Uncertainty
2026-08-14T00:10:27Z,0.5298,0.8717,0.8586,0.3089,0.2675,Scenario D: High Uncertainty
2026-08-14T00:10:28Z,0.5925,0.9427,0.8708,0.3419,0.2902,Scenario D: High Uncertainty
2026-08-14T00:10:29Z,0.6962,0.9366,0.7484,0.2335,0.286,Scenario D: High Uncertainty
2026-08-14T00:10:30Z,0.5967,0.9756,0.8921,0.3561,0.2316,Scenario D: High Uncertainty
2026-08-14T00:10:31Z,0.6727,0.9489,0.7394,0.3168,0.1531,Scenario D: High Uncertainty
2026-08-14T00:10:32Z,0.6177,0.9736,0.8903,0.3904,0.2666,Scenario D: High Uncertainty
2026-08-14T00:10:33Z,0.5751,0.9413,0.899,0.2085,0.2006,Scenario D: High Uncertainty
2026-08-14T00:10:34Z,0.5572,0.8887,0.8423,0.2531,0.2401,Scenario D: High Uncertainty
2026-08-14T00:10:35Z,0.5406,0.8637,0.8962,0.3203,0.3415,Scenario D: High Uncertainty
2026-08-14T00:10:36Z,0.6524,0.9516,0.8139,0.2593,0.2298,Scenario D: High Uncertainty
2026-08-14T00:10:37Z,0.5773,0.9337,0.7519,0.3429,0.318,Scenario D: High Uncertainty
2026-08-14T00:10:38Z,0.6023,0.8563,0.7874,0.3518,0.1877,Scenario D: High Uncertainty
2026-08-14T00:10:39Z,0.5985,0.8968,0.8187,0.2205,0.2845,Scenario D: High Uncertainty
2026-08-14T00:10:40Z,0.6155,0.9744,0.7146,0.3028,0.3454,Scenario D: High Uncertainty
2026-08-14T00:10:41Z,0.6731,0.9151,0.8245,0.3018,0.1704,Scenario D: High Uncertainty
2026-08-14T00:10:42Z,0.6961,0.9063,0.8962,0.2739,0.1517,Scenario D: High Uncertainty
2026-08-14T00:10:43Z,0.5815,0.9095,0.738,0.3866,0.2367,Scenario D: High Uncertainty
2026-08-14T00:10:44Z,0.6655,0.8772,0.8585,0.3655,0.1685,Scenario D: High Uncertainty
2026-08-14T00:10:45Z,0.6529,0.8979,0.8816,0.3394,0.2997,Scenario D: High Uncertainty
2026-08-14T00:10:46Z,0.6147,0.8981,0.8887,0.3429,0.3329,Scenario D: High Uncertainty
2026-08-14T00:10:47Z,0.6912,0.8568,0.892,0.2923,0.2368,Scenario D: High Uncertainty
2026-08-14T00:10:48Z,0.5401,0.9498,0.8043,0.3842,0.2017,Scenario D: High Uncertainty
2026-08-14T00:10:49Z,0.5219,0.9041,0.8955,0.3389,0.2369,Scenario D: High Uncertainty
2026-08-14T00:10:50Z,0.6708,0.9569,0.8515,0.3458,0.2947,Scenario D: High Uncertainty
2026-08-14T00:10:51Z,0.5878,0.9605,0.7323,0.3723,0.1518,Scenario D: High Uncertainty
2026-08-14T00:10:52Z,0.6694,0.8776,0.7954,0.2548,0.2679,Scenario D: High Uncertainty
2026-08-14T00:10:53Z,0.6786,0.9355,0.8437,0.3614,0.2727,Scenario D: High Uncertainty
2026-08-14T00:10:54Z,0.5125,0.9114,0.7495,0.239,0.2775,Scenario D: High Uncertainty
2026-08-14T00:10:55Z,0.6767,0.9644,0.8281,0.2691,0.1984,Scenario D: High Uncertainty
2026-08-14T00:10:56Z,0.5897,0.878,0.8333,0.2671,0.2928,Scenario D: High Uncertainty
2026-08-14T00:10:57Z,0.6021,0.9381,0.7325,0.3957,0.1683,Scenario D: High Uncertainty
2026-08-14T00:10:58Z,0.6253,0.929,0.813,0.3713,0.1899,Scenario D: High Uncertainty
2026-08-14T00:10:59Z,0.6853,0.8884,0.8543,0.3402,0.3255,Scenario D: High Uncertainty
2026-08-14T00:11:00Z,0.5038,0.8678,0.7998,0.3454,0.2977,Scenario D: High Uncertainty
2026-08-14T00:11:01Z,0.5954,0.9347,0.7024,0.3124,0.1527,Scenario D: High Uncertainty
2026-08-14T00:11:02Z,0.6375,0.946,0.7018,0.3894,0.1997,Scenario D: High Uncertainty
2026-08-14T00:11:03Z,0.6445,0.891,0.7714,0.2993,0.1929,Scenario D: High Uncertainty
2026-08-14T00:11:04Z,0.6385,0.9338,0.8852,0.2761,0.2042,Scenario D: High Uncertainty
2026-08-14T00:11:05Z,0.5269,0.9014,0.7457,0.2326,0.1995,Scenario D: High Uncertainty
2026-08-14T00:11:06Z,0.5599,0.9427,0.8269,0.3572,0.1625,Scenario D: High Uncertainty
2026-08-14T00:11:07Z,0.5717,0.8759,0.7444,0.3469,0.2418,Scenario D: High Uncertainty
2026-08-14T00:11:08Z,0.6609,0.9657,0.7643,0.2769,0.2965,Scenario D: High Uncertainty
2026-08-14T00:11:09Z,0.5558,0.8874,0.8696,0.205,0.2713,Scenario D: High Uncertainty
2026-08-14T00:11:10Z,0.5421,0.8978,0.8458,0.3678,0.2846,Scenario D: High Uncertainty
2026-08-14T00:11:11Z,0.6915,0.8576,0.7191,0.2023,0.1662,Scenario D: High Uncertainty
2026-08-14T00:11:12Z,0.5018,0.8645,0.7857,0.3407,0.3403,Scenario D: High Uncertainty
2026-08-14T00:11:13Z,0.6996,0.9171,0.7058,0.3941,0.3177,Scenario D: High Uncertainty
2026-08-14T00:11:14Z,0.6354,0.8848,0.7962,0.2875,0.311,Scenario D: High Uncertainty
2026-08-14T00:11:15Z,0.6657,0.9586,0.8325,0.247,0.3146,Scenario D: High Uncertainty
2026-08-14T00:11:16Z,0.5589,0.8519,0.7237,0.341,0.3365,Scenario D: High Uncertainty
2026-08-14T00:11:17Z,0.5029,0.8993,0.7578,0.3634,0.2589,Scenario D: High Uncertainty
2026-08-14T00:11:18Z,0.6476,0.8939,0.7796,0.3093,0.1901,Scenario D: High Uncertainty
2026-08-14T00:11:19Z,0.6668,0.8525,0.8839,0.3934,0.2734,Scenario D: High Uncertainty
2026-08-14T00:11:20Z,0.6481,0.8662,0.8987,0.2103,0.2986,Scenario D: High Uncertainty
2026-08-14T00:11:21Z,0.5286,0.9038,0.709,0.301,0.2976,Scenario D: High Uncertainty
2026-08-14T00:11:22Z,0.6507,0.9141,0.8522,0.3437,0.2543,Scenario D: High Uncertainty
2026-08-14T00:11:23Z,0.6538,0.9026,0.7743,0.3725,0.1637,Scenario D: High Uncertainty
2026-08-14T00:11:24Z,0.6317,0.919,0.7785,0.2359,0.2242,Scenario D: High Uncertainty
2026-08-14T00:11:25Z,0.6532,0.9274,0.8509,0.36,0.3342,Scenario D: High Uncertainty
2026-08-14T00:11:26Z,0.6692,0.8513,0.8837,0.3105,0.2669,Scenario D: High Uncertainty
2026-08-14T00:11:27Z,0.6227,0.9103,0.8902,0.2793,0.2577,Scenario D: High Uncertainty
2026-08-14T00:11:28Z,0.5177,0.9753,0.8154,0.2263,0.2038,Scenario D: High Uncertainty
2026-08-14T00:11:29Z,0.5975,0.9175,0.7714,0.3731,0.2237,Scenario D: High Uncertainty
2026-08-14T00:11:30Z,0.5155,0.9381,0.8575,0.2315,0.3291,Scenario D: High Uncertainty
2026-08-14T00:11:31Z,0.5815,0.8905,0.7502,0.262,0.2833,Scenario D: High Uncertainty
2026-08-14T00:11:32Z,0.5814,0.9506,0.8128,0.258,0.3075,Scenario D: High Uncertainty
2026-08-14T00:11:33Z,0.5132,0.9505,0.7717,0.3743,0.2409,Scenario D: High Uncertainty
2026-08-14T00:11:34Z,0.5698,0.9178,0.8313,0.3345,0.276,Scenario D: High Uncertainty
2026-08-14T00:11:35Z,0.5222,0.9769,0.7481,0.3593,0.1997,Scenario D: High Uncertainty
2026-08-14T00:11:36Z,0.6616,0.8663,0.7383,0.2501,0.2911,Scenario D: High Uncertainty
2026-08-14T00:11:37Z,0.6895,0.8522,0.8836,0.325,0.2355,Scenario D: High Uncertainty
2026-08-14T00:11:38Z,0.5145,0.9501,0.7204,0.3143,0.2385,Scenario D: High Uncertainty
2026-08-14T00:11:39Z,0.691,0.9549,0.8012,0.3666,0.2799,Scenario D: High Uncertainty
2026-08-14T00:11:40Z,0.9404,0.3745,0.8751,0.9239,0.874,Scenario E: High Cost Event
2026-08-14T00:11:41Z,0.8096,0.3137,0.9036,0.8429,0.8945,Scenario E: High Cost Event
2026-08-14T00:11:42Z,0.9237,0.3739,0.9046,0.9391,0.9059,Scenario E: High Cost Event
2026-08-14T00:11:43Z,0.8439,0.3928,0.8973,0.9455,0.958,Scenario E: High Cost Event
2026-08-14T00:11:44Z,0.8666,0.4445,0.8413,0.8857,0.8656,Scenario E: High Cost Event
2026-08-14T00:11:45Z,0.8033,0.4313,0.8234,0.8215,0.9455,Scenario E: High Cost Event
2026-08-14T00:11:46Z,0.8452,0.4418,0.8954,0.8562,0.9191,Scenario E: High Cost Event
2026-08-14T00:11:47Z,0.8754,0.3017,0.8899,0.9197,0.8874,Scenario E: High Cost Event
2026-08-14T00:11:48Z,0.8084,0.3435,0.8269,0.8551,0.9141,Scenario E: High Cost Event
2026-08-14T00:11:49Z,0.8737,0.4323,0.9058,0.8131,0.889,Scenario E: High Cost Event
2026-08-14T00:11:50Z,0.9391,0.3968,0.8683,0.8835,0.9275,Scenario E: High Cost Event
2026-08-14T00:11:51Z,0.8158,0.3011,0.9002,0.9268,0.9064,Scenario E: High Cost Event
2026-08-14T00:11:52Z,0.9147,0.4609,0.9256,0.9194,0.8714,Scenario E: High Cost Event
2026-08-14T00:11:53Z,0.8615,0.4546,0.8255,0.8263,0.8652,Scenario E: High Cost Event
2026-08-14T00:11:54Z,0.8983,0.4097,0.8029,0.9009,0.9211,Scenario E: High Cost Event
2026-08-14T00:11:55Z,0.839,0.3133,0.9169,0.8331,0.9673,Scenario E: High Cost Event
2026-08-14T00:11:56Z,0.8239,0.4533,0.8915,0.8327,0.8947,Scenario E: High Cost Event
2026-08-14T00:11:57Z,0.8241,0.4167,0.9049,0.9311,0.9453,Scenario E: High Cost Event
2026-08-14T00:11:58Z,0.8106,0.4564,0.9257,0.8375,0.9356,Scenario E: High Cost Event
2026-08-14T00:11:59Z,0.8278,0.4503,0.9204,0.8395,0.9711,Scenario E: High Cost Event
2026-08-14T00:12:00Z,0.8996,0.4606,0.9441,0.8001,0.9567,Scenario E: High Cost Event
2026-08-14T00:12:01Z,0.9323,0.4036,0.8804,0.9306,0.9237,Scenario E: High Cost Event
2026-08-14T00:12:02Z,0.9221,0.3281,0.8733,0.9189,0.9354,Scenario E: High Cost Event
2026-08-14T00:12:03Z,0.9028,0.4342,0.8603,0.8941,0.9668,Scenario E: High Cost Event
2026-08-14T00:12:04Z,0.8166,0.4241,0.8231,0.9125,0.9019,Scenario E: High Cost Event
2026-08-14T00:12:05Z,0.8434,0.4485,0.8859,0.8228,0.8925,Scenario E: High Cost Event
2026-08-14T00:12:06Z,0.8465,0.334,0.8416,0.8687,0.8514,Scenario E: High Cost Event
2026-08-14T00:12:07Z,0.8375,0.339,0.9382,0.8527,0.9575,Scenario E: High Cost Event
2026-08-14T00:12:08Z,0.8773,0.4781,0.8875,0.8141,0.9541,Scenario E: High Cost Event
2026-08-14T00:12:09Z,0.8803,0.45,0.8889,0.8729,0.8636,Scenario E: High Cost Event
2026-08-14T00:12:10Z,0.8535,0.4816,0.8532,0.9381,0.925,Scenario E: High Cost Event
2026-08-14T00:12:11Z,0.8531,0.4517,0.8078,0.806,0.9103,Scenario E: High Cost Event
2026-08-14T00:12:12Z,0.9243,0.4194,0.8048,0.8437,0.8654,Scenario E: High Cost Event
2026-08-14T00:12:13Z,0.9184,0.4308,0.8635,0.8311,0.9775,Scenario E: High Cost Event
2026-08-14T00:12:14Z,0.8462,0.4778,0.8127,0.8357,0.8779,Scenario E: High Cost Event
2026-08-14T00:12:15Z,0.9371,0.4158,0.891,0.9363,0.8587,Scenario E: High Cost Event
2026-08-14T00:12:16Z,0.9429,0.4265,0.9321,0.8702,0.9273,Scenario E: High Cost Event
2026-08-14T00:12:17Z,0.849,0.3313,0.9324,0.8699,0.9461,Scenario E: High Cost Event
2026-08-14T00:12:18Z,0.8532,0.3948,0.8989,0.9141,0.8542,Scenario E: High Cost Event
2026-08-14T00:12:19Z,0.8758,0.4433,0.8317,0.8232,0.9356,Scenario E: High Cost Event
2026-08-14T00:12:20Z,0.9412,0.3542,0.9294,0.8731,0.9192,Scenario E: High Cost Event
2026-08-14T00:12:21Z,0.9314,0.3405,0.9329,0.8645,0.8634,Scenario E: High Cost Event
2026-08-14T00:12:22Z,0.8154,0.3628,0.8295,0.8895,0.8724,Scenario E: High Cost Event
2026-08-14T00:12:23Z,0.8589,0.3483,0.9106,0.9499,0.9238,Scenario E: High Cost Event
2026-08-14T00:12:24Z,0.883,0.343,0.843,0.9154,0.8885,Scenario E: High Cost Event
2026-08-14T00:12:25Z,0.8755,0.385,0.9204,0.8597,0.972,Scenario E: High Cost Event
2026-08-14T00:12:26Z,0.8291,0.4816,0.9496,0.9241,0.9564,Scenario E: High Cost Event
2026-08-14T00:12:27Z,0.9288,0.4014,0.8045,0.8256,0.9779,Scenario E: High Cost Event
2026-08-14T00:12:28Z,0.9015,0.3376,0.9346,0.8046,0.8838,Scenario E: High Cost Event
2026-08-14T00:12:29Z,0.9257,0.3154,0.8934,0.8307,0.9761,Scenario E: High Cost Event
2026-08-14T00:12:30Z,0.9288,0.4392,0.946,0.8511,0.9061,Scenario E: High Cost Event
2026-08-14T00:12:31Z,0.9123,0.3766,0.8698,0.8766,0.8952,Scenario E: High Cost Event
2026-08-14T00:12:32Z,0.8659,0.4644,0.9271,0.8923,0.8565,Scenario E: High Cost Event
2026-08-14T00:12:33Z,0.8916,0.4319,0.8094,0.9366,0.8569,Scenario E: High Cost Event
2026-08-14T00:12:34Z,0.8241,0.4592,0.8503,0.8765,0.94,Scenario E: High Cost Event
2026-08-14T00:12:35Z,0.901,0.3544,0.8101,0.8752,0.9095,Scenario E: High Cost Event
2026-08-14T00:12:36Z,0.8269,0.4385,0.9463,0.8075,0.8794,Scenario E: High Cost Event
2026-08-14T00:12:37Z,0.9041,0.3528,0.9225,0.8052,0.9298,Scenario E: High Cost Event
2026-08-14T00:12:38Z,0.8344,0.4878,0.9279,0.8827,0.8829,Scenario E: High Cost Event
2026-08-14T00:12:39Z,0.8176,0.4273,0.9407,0.8657,0.9251,Scenario E: High Cost Event
2026-08-14T00:12:40Z,0.8248,0.3649,0.8128,0.9259,0.8967,Scenario E: High Cost Event
2026-08-14T00:12:41Z,0.8003,0.3539,0.8578,0.8241,0.9571,Scenario E: High Cost Event
2026-08-14T00:12:42Z,0.9078,0.3382,0.8107,0.8037,0.9567,Scenario E: High Cost Event
2026-08-14T00:12:43Z,0.9099,0.4389,0.8316,0.8674,0.9121,Scenario E: High Cost Event
2026-08-14T00:12:44Z,0.8772,0.3437,0.8344,0.8356,0.8956,Scenario E: High Cost Event
2026-08-14T00:12:45Z,0.8242,0.4191,0.8704,0.8074,0.8971,Scenario E: High Cost Event
2026-08-14T00:12:46Z,0.8125,0.3529,0.8403,0.9087,0.9547,Scenario E: High Cost Event
2026-08-14T00:12:47Z,0.8029,0.4324,0.8151,0.8167,0.8927,Scenario E: High Cost Event
2026-08-14T00:12:48Z,0.8249,0.463,0.8251,0.8912,0.8772,Scenario E: High Cost Event
2026-08-14T00:12:49Z,0.9336,0.4556,0.8221,0.8422,0.861,Scenario E: High Cost Event
2026-08-14T00:12:50Z,0.8362,0.4522,0.946,0.826,0.9107,Scenario E: High Cost Event
2026-08-14T00:12:51Z,0.8531,0.3375,0.9139,0.857,0.9127,Scenario E: High Cost Event
2026-08-14T00:12:52Z,0.8158,0.3177,0.9452,0.9202,0.9593,Scenario E: High Cost Event
2026-08-14T00:12:53Z,0.8334,0.4398,0.866,0.8588,0.8788,Scenario E: High Cost Event
2026-08-14T00:12:54Z,0.8779,0.3737,0.8418,0.9126,0.8995,Scenario E: High Cost Event
2026-08-14T00:12:55Z,0.8912,0.3865,0.9197,0.8188,0.9551,Scenario E: High Cost Event
2026-08-14T00:12:56Z,0.8368,0.3062,0.8489,0.9159,0.9571,Scenario E: High Cost Event
2026-08-14T00:12:57Z,0.8087,0.3519,0.8449,0.8355,0.9,Scenario E: High Cost Event
2026-08-14T00:12:58Z,0.8587,0.3067,0.8349,0.9016,0.9097,Scenario E: High Cost Event
2026-08-14T00:12:59Z,0.8351,0.4758,0.8195,0.8849,0.8894,Scenario E: High Cost Event
2026-08-14T00:13:00Z,0.8329,0.3487,0.8385,0.9394,0.9712,Scenario E: High Cost Event
2026-08-14T00:13:01Z,0.944,0.4115,0.8533,0.8581,0.8654,Scenario E: High Cost Event
2026-08-14T00:13:02Z,0.8924,0.3078,0.9011,0.8099,0.9714,Scenario E: High Cost Event
2026-08-14T00:13:03Z,0.8835,0.4334,0.8094,0.8029,0.9389,Scenario E: High Cost Event
2026-08-14T00:13:04Z,0.8624,0.3646,0.8316,0.924,0.9191,Scenario E: High Cost Event
2026-08-14T00:13:05Z,0.8643,0.4796,0.9214,0.8787,0.8542,Scenario E: High Cost Event
2026-08-14T00:13:06Z,0.8811,0.4776,0.822,0.9163,0.9118,Scenario E: High Cost Event
2026-08-14T00:13:07Z,0.9045,0.3651,0.8514,0.8352,0.903,Scenario E: High Cost Event
2026-08-14T00:13:08Z,0.9053,0.4802,0.9297,0.8518,0.871,Scenario E: High Cost Event
2026-08-14T00:13:09Z,0.8258,0.4992,0.8232,0.8045,0.9353,Scenario E: High Cost Event
2026-08-14T00:13:10Z,0.875,0.4651,0.8124,0.9442,0.9762,Scenario E: High Cost Event
2026-08-14T00:13:11Z,0.8618,0.469,0.8727,0.9002,0.9231,Scenario E: High Cost Event
2026-08-14T00:13:12Z,0.9306,0.3498,0.8454,0.94,0.9429,Scenario E: High Cost Event
2026-08-14T00:13:13Z,0.8947,0.4153,0.8845,0.8398,0.8589,Scenario E: High Cost Event
2026-08-14T00:13:14Z,0.8799,0.3135,0.9206,0.8917,0.9043,Scenario E: High Cost Event
2026-08-14T00:13:15Z,0.8173,0.319,0.8206,0.9018,0.8651,Scenario E: High Cost Event
2026-08-14T00:13:16Z,0.8908,0.4998,0.8871,0.8476,0.9297,Scenario E: High Cost Event
2026-08-14T00:13:17Z,0.8176,0.3653,0.8758,0.9272,0.972,Scenario E: High Cost Event
2026-08-14T00:13:18Z,0.8506,0.4496,0.8216,0.9421,0.936,Scenario E: High Cost Event
2026-08-14T00:13:19Z,0.8214,0.4613,0.8936,0.9327,0.86,Scenario E: High Cost Event
2026-08-14T00:13:20Z,0.9038,0.4716,0.841,0.9109,0.8961,Scenario E: High Cost Event
2026-08-14T00:13:21Z,0.8309,0.4995,0.8732,0.8416,0.9216,Scenario E: High Cost Event
2026-08-14T00:13:22Z,0.8588,0.3483,0.8123,0.8422,0.9024,Scenario E: High Cost Event
2026-08-14T00:13:23Z,0.9344,0.3081,0.8689,0.9445,0.9584,Scenario E: High Cost Event
2026-08-14T00:13:24Z,0.8306,0.3822,0.846,0.8015,0.9559,Scenario E: High Cost Event
2026-08-14T00:13:25Z,0.8762,0.326,0.9234,0.9074,0.9295,Scenario E: High Cost Event
2026-08-14T00:13:26Z,0.8629,0.3045,0.8085,0.9059,0.8985,Scenario E: High Cost Event
2026-08-14T00:13:27Z,0.8027,0.3721,0.8628,0.8934,0.8832,Scenario E: High Cost Event
2026-08-14T00:13:28Z,0.9189,0.4567,0.8688,0.9485,0.8638,Scenario E: High Cost Event
2026-08-14T00:13:29Z,0.8104,0.4132,0.9088,0.8468,0.8961,Scenario E: High Cost Event
2026-08-14T00:13:30Z,0.8711,0.3626,0.8861,0.851,0.9037,Scenario E: High Cost Event
2026-08-14T00:13:31Z,0.8841,0.4309,0.9001,0.8118,0.9379,Scenario E: High Cost Event
2026-08-14T00:13:32Z,0.8943,0.3464,0.9166,0.8664,0.9356,Scenario E: High Cost Event
2026-08-14T00:13:33Z,0.9033,0.3029,0.9293,0.8392,0.8591,Scenario E: High Cost Event
2026-08-14T00:13:34Z,0.838,0.4529,0.8471,0.8515,0.9014,Scenario E: High Cost Event
2026-08-14T00:13:35Z,0.8015,0.4247,0.8807,0.9252,0.8736,Scenario E: High Cost Event
2026-08-14T00:13:36Z,0.9085,0.4525,0.926,0.9403,0.8704,Scenario E: High Cost Event
2026-08-14T00:13:37Z,0.8803,0.3078,0.9484,0.8279,0.9575,Scenario E: High Cost Event
2026-08-14T00:13:38Z,0.9254,0.4674,0.9334,0.8559,0.8554,Scenario E: High Cost Event
2026-08-14T00:13:39Z,0.9232,0.4239,0.8557,0.9393,0.9045,Scenario E: High Cost Event
2026-08-14T00:13:40Z,0.9265,0.4127,0.8293,0.8093,0.8719,Scenario E: High Cost Event
2026-08-14T00:13:41Z,0.8728,0.4249,0.8734,0.8139,0.9643,Scenario E: High Cost Event
2026-08-14T00:13:42Z,0.85,0.4729,0.9112,0.8244,0.9224,Scenario E: High Cost Event
2026-08-14T00:13:43Z,0.9187,0.4174,0.8739,0.8893,0.8801,Scenario E: High Cost Event
2026-08-14T00:13:44Z,0.8677,0.4162,0.8725,0.8226,0.9153,Scenario E: High Cost Event
2026-08-14T00:13:45Z,0.8275,0.4981,0.9257,0.9452,0.9451,Scenario E: High Cost Event
2026-08-14T00:13:46Z,0.9282,0.4513,0.8542,0.867,0.9746,Scenario E: High Cost Event
2026-08-14T00:13:47Z,0.9324,0.3885,0.929,0.8752,0.8787,Scenario E: High Cost Event
2026-08-14T00:13:48Z,0.8699,0.4415,0.861,0.837,0.9652,Scenario E: High Cost Event
2026-08-14T00:13:49Z,0.8114,0.3778,0.8492,0.8706,0.9715,Scenario E: High Cost Event
2026-08-14T00:13:50Z,0.8582,0.3458,0.8681,0.8993,0.9691,Scenario E: High Cost Event
2026-08-14T00:13:51Z,0.9205,0.4194,0.9144,0.9127,0.9326,Scenario E: High Cost Event
2026-08-14T00:13:52Z,0.9353,0.4856,0.8189,0.9131,0.9319,Scenario E: High Cost Event
2026-08-14T00:13:53Z,0.8305,0.4858,0.8295,0.8867,0.9024,Scenario E: High Cost Event
2026-08-14T00:13:54Z,0.81,0.3684,0.9427,0.9357,0.9478,Scenario E: High Cost Event
2026-08-14T00:13:55Z,0.9316,0.4055,0.8263,0.9226,0.9191,Scenario E: High Cost Event
2026-08-14T00:13:56Z,0.8584,0.3423,0.8852,0.9136,0.9381,Scenario E: High Cost Event
2026-08-14T00:13:57Z,0.8813,0.4991,0.8869,0.8083,0.9057,Scenario E: High Cost Event
2026-08-14T00:13:58Z,0.9452,0.4962,0.8734,0.801,0.9451,Scenario E: High Cost Event
2026-08-14T00:13:59Z,0.81,0.4299,0.8967,0.8319,0.9572,Scenario E: High Cost Event
2026-08-14T00:14:00Z,0.8972,0.4609,0.8345,0.8995,0.869,Scenario E: High Cost Event
2026-08-14T00:14:01Z,0.8111,0.443,0.8829,0.8617,0.9583,Scenario E: High Cost Event
2026-08-14T00:14:02Z,0.8563,0.4186,0.8558,0.8604,0.9202,Scenario E: High Cost Event
2026-08-14T00:14:03Z,0.9206,0.3107,0.8993,0.9327,0.9598,Scenario E: High Cost Event
2026-08-14T00:14:04Z,0.865,0.391,0.8212,0.9343,0.9061,Scenario E: High Cost Event
2026-08-14T00:14:05Z,0.9496,0.435,0.8856,0.9364,0.8993,Scenario E: High Cost Event
2026-08-14T00:14:06Z,0.8839,0.4355,0.8278,0.8471,0.969,Scenario E: High Cost Event
2026-08-14T00:14:07Z,0.8482,0.3746,0.8418,0.9037,0.8827,Scenario E: High Cost Event
2026-08-14T00:14:08Z,0.833,0.4883,0.8328,0.8407,0.9597,Scenario E: High Cost Event
2026-08-14T00:14:09Z,0.8526,0.3335,0.8274,0.8286,0.9129,Scenario E: High Cost Event
2026-08-14T00:14:10Z,0.9168,0.3637,0.0961,0.2441,0.3469,Scenario F: High Novelty / Low Relevance
2026-08-14T00:14:11Z,0.8901,0.208,0.0904,0.3251,0.2048,Scenario F: High Novelty / Low Relevance
2026-08-14T00:14:12Z,0.9245,0.378,0.0312,0.3143,0.317,Scenario F: High Novelty / Low Relevance
2026-08-14T00:14:13Z,0.8923,0.3984,0.0274,0.237,0.3883,Scenario F: High Novelty / Low Relevance
2026-08-14T00:14:14Z,0.8551,0.2588,0.0337,0.2119,0.2349,Scenario F: High Novelty / Low Relevance
2026-08-14T00:14:15Z,0.8854,0.2421,0.0961,0.3209,0.2943,Scenario F: High Novelty / Low Relevance
2026-08-14T00:14:16Z,0.8508,0.3531,0.0908,0.3527,0.2183,Scenario F: High Novelty / Low Relevance
2026-08-14T00:14:17Z,0.9772,0.2506,0.0504,0.3047,0.3251,Scenario F: High Novelty / Low Relevance
2026-08-14T00:14:18Z,0.9755,0.3731,0.1029,0.2454,0.3101,Scenario F: High Novelty / Low Relevance
2026-08-14T00:14:19Z,0.9014,0.2206,0.1266,0.3333,0.2815,Scenario F: High Novelty / Low Relevance
2026-08-14T00:14:20Z,0.9447,0.2252,0.0254,0.216,0.3043,Scenario F: High Novelty / Low Relevance
2026-08-14T00:14:21Z,0.895,0.3958,0.0848,0.2884,0.3793,Scenario F: High Novelty / Low Relevance
2026-08-14T00:14:22Z,0.9372,0.3348,0.1096,0.2327,0.2393,Scenario F: High Novelty / Low Relevance
2026-08-14T00:14:23Z,0.9547,0.3694,0.0528,0.2369,0.2045,Scenario F: High Novelty / Low Relevance
2026-08-14T00:14:24Z,0.9731,0.2649,0.06,0.2405,0.3723,Scenario F: High Novelty / Low Relevance
2026-08-14T00:14:25Z,0.902,0.3353,0.0998,0.2773,0.3154,Scenario F: High Novelty / Low Relevance
2026-08-14T00:14:26Z,0.9518,0.3188,0.1367,0.2102,0.3781,Scenario F: High Novelty / Low Relevance
2026-08-14T00:14:27Z,0.8846,0.3206,0.1253,0.2796,0.3194,Scenario F: High Novelty / Low Relevance
2026-08-14T00:14:28Z,0.9787,0.3365,0.0958,0.3023,0.362,Scenario F: High Novelty / Low Relevance
2026-08-14T00:14:29Z,0.8534,0.3151,0.1149,0.2967,0.2859,Scenario F: High Novelty / Low Relevance
2026-08-14T00:14:30Z,0.9285,0.2858,0.0674,0.2766,0.35,Scenario F: High Novelty / Low Relevance
2026-08-14T00:14:31Z,0.9357,0.2552,0.1033,0.3678,0.3826,Scenario F: High Novelty / Low Relevance
2026-08-14T00:14:32Z,0.9394,0.3537,0.0806,0.2291,0.3144,Scenario F: High Novelty / Low Relevance
2026-08-14T00:14:33Z,0.8657,0.2453,0.0447,0.3011,0.2362,Scenario F: High Novelty / Low Relevance
2026-08-14T00:14:34Z,0.972,0.3385,0.1112,0.2124,0.2538,Scenario F: High Novelty / Low Relevance
2026-08-14T00:14:35Z,0.8736,0.2467,0.0923,0.2142,0.2397,Scenario F: High Novelty / Low Relevance
2026-08-14T00:14:36Z,0.931,0.3251,0.0666,0.3148,0.2494,Scenario F: High Novelty / Low Relevance
2026-08-14T00:14:37Z,0.8789,0.3494,0.1385,0.3132,0.2613,Scenario F: High Novelty / Low Relevance
2026-08-14T00:14:38Z,0.8899,0.2437,0.0227,0.3756,0.311,Scenario F: High Novelty / Low Relevance
2026-08-14T00:14:39Z,0.921,0.212,0.0611,0.3116,0.3176,Scenario F: High Novelty / Low Relevance
2026-08-14T00:14:40Z,0.9042,0.2262,0.0274,0.392,0.2853,Scenario F: High Novelty / Low Relevance
2026-08-14T00:14:41Z,0.8708,0.3212,0.1196,0.2097,0.3231,Scenario F: High Novelty / Low Relevance
2026-08-14T00:14:42Z,0.8722,0.3699,0.1113,0.2196,0.2163,Scenario F: High Novelty / Low Relevance
2026-08-14T00:14:43Z,0.9044,0.209,0.0631,0.2088,0.2176,Scenario F: High Novelty / Low Relevance
2026-08-14T00:14:44Z,0.9484,0.3468,0.1078,0.2371,0.2344,Scenario F: High Novelty / Low Relevance
2026-08-14T00:14:45Z,0.9667,0.2683,0.0715,0.3083,0.3036,Scenario F: High Novelty / Low Relevance
2026-08-14T00:14:46Z,0.8609,0.2957,0.1183,0.3291,0.2428,Scenario F: High Novelty / Low Relevance
2026-08-14T00:14:47Z,0.9011,0.3858,0.079,0.2091,0.2567,Scenario F: High Novelty / Low Relevance
2026-08-14T00:14:48Z,0.863,0.2664,0.0736,0.3892,0.2801,Scenario F: High Novelty / Low Relevance
2026-08-14T00:14:49Z,0.8522,0.2931,0.1415,0.3684,0.3624,Scenario F: High Novelty / Low Relevance
2026-08-14T00:14:50Z,0.936,0.2027,0.0526,0.2593,0.2028,Scenario F: High Novelty / Low Relevance
2026-08-14T00:14:51Z,0.9283,0.2163,0.0357,0.2154,0.3299,Scenario F: High Novelty / Low Relevance
2026-08-14T00:14:52Z,0.8712,0.2517,0.096,0.234,0.3338,Scenario F: High Novelty / Low Relevance
2026-08-14T00:14:53Z,0.8804,0.2056,0.146,0.2254,0.3597,Scenario F: High Novelty / Low Relevance
2026-08-14T00:14:54Z,0.8531,0.3263,0.0691,0.2247,0.3866,Scenario F: High Novelty / Low Relevance
2026-08-14T00:14:55Z,0.9585,0.2853,0.0281,0.3037,0.204,Scenario F: High Novelty / Low Relevance
2026-08-14T00:14:56Z,0.9767,0.3096,0.0641,0.2492,0.2308,Scenario F: High Novelty / Low Relevance
2026-08-14T00:14:57Z,0.8676,0.2349,0.0858,0.2716,0.3772,Scenario F: High Novelty / Low Relevance
2026-08-14T00:14:58Z,0.8801,0.2592,0.041,0.3979,0.2917,Scenario F: High Novelty / Low Relevance
2026-08-14T00:14:59Z,0.9629,0.3328,0.1056,0.3369,0.3129,Scenario F: High Novelty / Low Relevance
2026-08-14T00:15:00Z,0.9704,0.3931,0.1497,0.3898,0.3326,Scenario F: High Novelty / Low Relevance
2026-08-14T00:15:01Z,0.9046,0.2101,0.0787,0.2285,0.3358,Scenario F: High Novelty / Low Relevance
2026-08-14T00:15:02Z,0.8566,0.3781,0.0661,0.2764,0.3863,Scenario F: High Novelty / Low Relevance
2026-08-14T00:15:03Z,0.8551,0.3154,0.0721,0.3109,0.3994,Scenario F: High Novelty / Low Relevance
2026-08-14T00:15:04Z,0.9246,0.3128,0.035,0.2154,0.344,Scenario F: High Novelty / Low Relevance
2026-08-14T00:15:05Z,0.9011,0.3001,0.1348,0.2008,0.2574,Scenario F: High Novelty / Low Relevance
2026-08-14T00:15:06Z,0.8537,0.2139,0.0739,0.3341,0.376,Scenario F: High Novelty / Low Relevance
2026-08-14T00:15:07Z,0.9258,0.218,0.0703,0.3284,0.2098,Scenario F: High Novelty / Low Relevance
2026-08-14T00:15:08Z,0.8515,0.3202,0.1058,0.2822,0.2462,Scenario F: High Novelty / Low Relevance
2026-08-14T00:15:09Z,0.9524,0.2682,0.0775,0.2979,0.3795,Scenario F: High Novelty / Low Relevance
2026-08-14T00:15:10Z,0.8898,0.3835,0.1043,0.2831,0.2512,Scenario F: High Novelty / Low Relevance
2026-08-14T00:15:11Z,0.8552,0.2813,0.028,0.2048,0.2441,Scenario F: High Novelty / Low Relevance
2026-08-14T00:15:12Z,0.9265,0.2287,0.1258,0.2671,0.2276,Scenario F: High Novelty / Low Relevance
2026-08-14T00:15:13Z,0.9017,0.3429,0.1423,0.2354,0.3718,Scenario F: High Novelty / Low Relevance
2026-08-14T00:15:14Z,0.9766,0.2587,0.1043,0.2197,0.3,Scenario F: High Novelty / Low Relevance
2026-08-14T00:15:15Z,0.9207,0.3051,0.1441,0.3913,0.335,Scenario F: High Novelty / Low Relevance
2026-08-14T00:15:16Z,0.8858,0.3396,0.0397,0.3199,0.2478,Scenario F: High Novelty / Low Relevance
2026-08-14T00:15:17Z,0.9422,0.3801,0.0821,0.3457,0.3516,Scenario F: High Novelty / Low Relevance
2026-08-14T00:15:18Z,0.8853,0.3584,0.0982,0.2631,0.352,Scenario F: High Novelty / Low Relevance
2026-08-14T00:15:19Z,0.9676,0.3353,0.0956,0.2786,0.2625,Scenario F: High Novelty / Low Relevance
2026-08-14T00:15:20Z,0.8987,0.3359,0.0722,0.2474,0.2821,Scenario F: High Novelty / Low Relevance
2026-08-14T00:15:21Z,0.9215,0.3892,0.064,0.2194,0.2419,Scenario F: High Novelty / Low Relevance
2026-08-14T00:15:22Z,0.8566,0.2592,0.0365,0.2358,0.3953,Scenario F: High Novelty / Low Relevance
2026-08-14T00:15:23Z,0.9054,0.2002,0.0709,0.3595,0.3291,Scenario F: High Novelty / Low Relevance
2026-08-14T00:15:24Z,0.9582,0.2544,0.0411,0.3355,0.3869,Scenario F: High Novelty / Low Relevance
2026-08-14T00:15:25Z,0.9547,0.2436,0.1155,0.3094,0.2607,Scenario F: High Novelty / Low Relevance
2026-08-14T00:15:26Z,0.8792,0.3324,0.0471,0.295,0.3564,Scenario F: High Novelty / Low Relevance
2026-08-14T00:15:27Z,0.8794,0.3267,0.0276,0.3845,0.3532,Scenario F: High Novelty / Low Relevance
2026-08-14T00:15:28Z,0.9562,0.3187,0.0918,0.2145,0.3383,Scenario F: High Novelty / Low Relevance
2026-08-14T00:15:29Z,0.971,0.2032,0.0974,0.2561,0.3931,Scenario F: High Novelty / Low Relevance
2026-08-14T00:15:30Z,0.8624,0.3458,0.1333,0.27,0.2787,Scenario F: High Novelty / Low Relevance
2026-08-14T00:15:31Z,0.9085,0.2647,0.095,0.3565,0.2261,Scenario F: High Novelty / Low Relevance
2026-08-14T00:15:32Z,0.8939,0.333,0.0649,0.3985,0.3343,Scenario F: High Novelty / Low Relevance
2026-08-14T00:15:33Z,0.9632,0.3113,0.1244,0.2481,0.3459,Scenario F: High Novelty / Low Relevance
2026-08-14T00:15:34Z,0.8609,0.2685,0.0902,0.3749,0.315,Scenario F: High Novelty / Low Relevance
2026-08-14T00:15:35Z,0.8774,0.2269,0.0303,0.3661,0.2414,Scenario F: High Novelty / Low Relevance
2026-08-14T00:15:36Z,0.9478,0.2189,0.0936,0.2449,0.3009,Scenario F: High Novelty / Low Relevance
2026-08-14T00:15:37Z,0.8567,0.3663,0.138,0.2799,0.2624,Scenario F: High Novelty / Low Relevance
2026-08-14T00:15:38Z,0.914,0.3837,0.0715,0.2819,0.2855,Scenario F: High Novelty / Low Relevance
2026-08-14T00:15:39Z,0.9075,0.33,0.0585,0.3956,0.329,Scenario F: High Novelty / Low Relevance
2026-08-14T00:15:40Z,0.8935,0.2207,0.0387,0.2362,0.349,Scenario F: High Novelty / Low Relevance
2026-08-14T00:15:41Z,0.9013,0.2804,0.0397,0.3598,0.2464,Scenario F: High Novelty / Low Relevance
2026-08-14T00:15:42Z,0.9189,0.3458,0.0763,0.2668,0.2811,Scenario F: High Novelty / Low Relevance
2026-08-14T00:15:43Z,0.871,0.356,0.0974,0.3462,0.2538,Scenario F: High Novelty / Low Relevance
2026-08-14T00:15:44Z,0.9244,0.2236,0.0305,0.284,0.2397,Scenario F: High Novelty / Low Relevance
2026-08-14T00:15:45Z,0.9547,0.2,0.1421,0.3157,0.3567,Scenario F: High Novelty / Low Relevance
2026-08-14T00:15:46Z,0.9488,0.3424,0.1182,0.3665,0.3819,Scenario F: High Novelty / Low Relevance
2026-08-14T00:15:47Z,0.87,0.2713,0.0963,0.3608,0.274,Scenario F: High Novelty / Low Relevance
2026-08-14T00:15:48Z,0.8694,0.2509,0.1277,0.3733,0.3503,Scenario F: High Novelty / Low Relevance
2026-08-14T00:15:49Z,0.8849,0.2026,0.0304,0.2119,0.3794,Scenario F: High Novelty / Low Relevance
2026-08-14T00:15:50Z,0.8969,0.3081,0.082,0.3384,0.3692,Scenario F: High Novelty / Low Relevance
2026-08-14T00:15:51Z,0.9031,0.3702,0.1019,0.228,0.2366,Scenario F: High Novelty / Low Relevance
2026-08-14T00:15:52Z,0.9384,0.3915,0.1277,0.2832,0.3913,Scenario F: High Novelty / Low Relevance
2026-08-14T00:15:53Z,0.8574,0.3131,0.1219,0.3097,0.2753,Scenario F: High Novelty / Low Relevance
2026-08-14T00:15:54Z,0.8545,0.3029,0.056,0.2805,0.2678,Scenario F: High Novelty / Low Relevance
2026-08-14T00:15:55Z,0.9009,0.217,0.1423,0.3039,0.2125,Scenario F: High Novelty / Low Relevance
2026-08-14T00:15:56Z,0.9406,0.3098,0.0362,0.3993,0.2972,Scenario F: High Novelty / Low Relevance
2026-08-14T00:15:57Z,0.8751,0.276,0.1338,0.227,0.2218,Scenario F: High Novelty / Low Relevance
2026-08-14T00:15:58Z,0.9334,0.3214,0.1462,0.3351,0.2497,Scenario F: High Novelty / Low Relevance
2026-08-14T00:15:59Z,0.8838,0.2777,0.043,0.2792,0.2634,Scenario F: High Novelty / Low Relevance
2026-08-14T00:16:00Z,0.9652,0.2481,0.1139,0.2266,0.3618,Scenario F: High Novelty / Low Relevance
2026-08-14T00:16:01Z,0.9664,0.219,0.0252,0.2317,0.3751,Scenario F: High Novelty / Low Relevance
2026-08-14T00:16:02Z,0.8886,0.263,0.0727,0.3899,0.2605,Scenario F: High Novelty / Low Relevance
2026-08-14T00:16:03Z,0.8799,0.2193,0.0871,0.3759,0.3717,Scenario F: High Novelty / Low Relevance
2026-08-14T00:16:04Z,0.9035,0.2354,0.0955,0.3814,0.3714,Scenario F: High Novelty / Low Relevance
2026-08-14T00:16:05Z,0.8813,0.3975,0.1417,0.3983,0.3529,Scenario F: High Novelty / Low Relevance
2026-08-14T00:16:06Z,0.9374,0.2888,0.1074,0.2417,0.2293,Scenario F: High Novelty / Low Relevance
2026-08-14T00:16:07Z,0.9574,0.3064,0.0826,0.2711,0.3381,Scenario F: High Novelty / Low Relevance
2026-08-14T00:16:08Z,0.9375,0.3747,0.1253,0.3338,0.389,Scenario F: High Novelty / Low Relevance
2026-08-14T00:16:09Z,0.9572,0.3991,0.1436,0.2968,0.3365,Scenario F: High Novelty / Low Relevance
2026-08-14T00:16:10Z,0.9016,0.3165,0.0229,0.2837,0.2663,Scenario F: High Novelty / Low Relevance
2026-08-14T00:16:11Z,0.8703,0.3625,0.1477,0.2716,0.3001,Scenario F: High Novelty / Low Relevance
2026-08-14T00:16:12Z,0.9459,0.2654,0.0312,0.3188,0.3291,Scenario F: High Novelty / Low Relevance
2026-08-14T00:16:13Z,0.8969,0.2611,0.1259,0.3151,0.3021,Scenario F: High Novelty / Low Relevance
2026-08-14T00:16:14Z,0.9373,0.2805,0.0564,0.2323,0.224,Scenario F: High Novelty / Low Relevance
2026-08-14T00:16:15Z,0.8852,0.3345,0.0372,0.2943,0.2624,Scenario F: High Novelty / Low Relevance
2026-08-14T00:16:16Z,0.8606,0.3364,0.0772,0.3107,0.3605,Scenario F: High Novelty / Low Relevance
2026-08-14T00:16:17Z,0.979,0.263,0.1037,0.3141,0.3723,Scenario F: High Novelty / Low Relevance
2026-08-14T00:16:18Z,0.8703,0.2266,0.0695,0.242,0.2275,Scenario F: High Novelty / Low Relevance
2026-08-14T00:16:19Z,0.9785,0.3265,0.0271,0.3485,0.3905,Scenario F: High Novelty / Low Relevance
2026-08-14T00:16:20Z,0.977,0.2257,0.0979,0.205,0.2658,Scenario F: High Novelty / Low Relevance
2026-08-14T00:16:21Z,0.9532,0.3157,0.1373,0.271,0.3325,Scenario F: High Novelty / Low Relevance
2026-08-14T00:16:22Z,0.9357,0.3387,0.0698,0.356,0.3504,Scenario F: High Novelty / Low Relevance
2026-08-14T00:16:23Z,0.9251,0.3401,0.0481,0.3128,0.3624,Scenario F: High Novelty / Low Relevance
2026-08-14T00:16:24Z,0.9626,0.3507,0.0775,0.2522,0.3891,Scenario F: High Novelty / Low Relevance
2026-08-14T00:16:25Z,0.8876,0.3746,0.0263,0.339,0.2626,Scenario F: High Novelty / Low Relevance
2026-08-14T00:16:26Z,0.9108,0.3,0.1267,0.3135,0.3717,Scenario F: High Novelty / Low Relevance
2026-08-14T00:16:27Z,0.9305,0.346,0.1274,0.3592,0.2263,Scenario F: High Novelty / Low Relevance
2026-08-14T00:16:28Z,0.9035,0.3238,0.0964,0.347,0.341,Scenario F: High Novelty / Low Relevance
2026-08-14T00:16:29Z,0.9056,0.2373,0.0659,0.322,0.3484,Scenario F: High Novelty / Low Relevance
2026-08-14T00:16:30Z,0.8929,0.2051,0.124,0.2976,0.3355,Scenario F: High Novelty / Low Relevance
2026-08-14T00:16:31Z,0.9234,0.2569,0.0921,0.2266,0.2505,Scenario F: High Novelty / Low Relevance
2026-08-14T00:16:32Z,0.9606,0.2886,0.1274,0.2523,0.3746,Scenario F: High Novelty / Low Relevance
2026-08-14T00:16:33Z,0.8762,0.3234,0.1021,0.2838,0.2338,Scenario F: High Novelty / Low Relevance
2026-08-14T00:16:34Z,0.9715,0.37,0.122,0.3199,0.2107,Scenario F: High Novelty / Low Relevance
2026-08-14T00:16:35Z,0.9396,0.2392,0.0978,0.3027,0.3435,Scenario F: High Novelty / Low Relevance
2026-08-14T00:16:36Z,0.957,0.2251,0.0738,0.2576,0.2951,Scenario F: High Novelty / Low Relevance
2026-08-14T00:16:37Z,0.9223,0.3927,0.1445,0.2013,0.3698,Scenario F: High Novelty / Low Relevance
2026-08-14T00:16:38Z,0.9513,0.2216,0.0903,0.2992,0.2767,Scenario F: High Novelty / Low Relevance
2026-08-14T00:16:39Z,0.8521,0.2957,0.0987,0.2571,0.2337,Scenario F: High Novelty / Low Relevance
