observation_id,predicted_class,true_label,prob_normal,prob_ball_fault,prob_inner_race_fault,prob_outer_race_fault,uncertainty_score
0,Normal,Normal,0.9999958,7.8001045e-07,3.3528208e-06,4.1998462e-09,4.146885e-05
1,Normal,Normal,0.999995,1.1035152e-06,3.875715e-06,4.272397e-09,4.942707e-05
2,Normal,Normal,0.9999951,9.617399e-07,3.928217e-06,4.3530832e-09,4.8468504e-05
3,Normal,Normal,0.99999535,1.0309594e-06,3.5915316e-06,2.8631004e-09,4.612589e-05
4,Normal,Normal,0.99999523,9.854789e-07,3.764348e-06,4.0615618e-09,4.7242935e-05
5,Normal,Normal,0.99999523,1.0098345e-06,3.7370278e-06,3.4866974e-09,4.723399e-05
6,Normal,Normal,0.9999945,1.130339e-06,4.3449704e-06,4.35627e-09,5.387769e-05
7,Normal,Normal,0.9999956,1.0285722e-06,3.283762e-06,2.1752011e-09,4.3351465e-05
8,Normal,Normal,0.9999949,1.1529258e-06,3.9143165e-06,3.5943513e-09,5.027555e-05
9,Normal,Normal,0.99999535,9.550479e-07,3.6766987e-06,3.7835766e-09,4.6144076e-05
10,Normal,Normal,0.99999547,9.819414e-07,3.6092115e-06,3.7070218e-09,4.5745364e-05
11,Normal,Normal,0.99999535,8.9648825e-07,3.7118664e-06,4.7425646e-09,4.5904057e-05
12,Normal,Normal,0.999995,1.0177883e-06,3.952138e-06,4.2215267e-09,4.9268794e-05
13,Normal,Normal,0.99999464,1.2584918e-06,4.0286327e-06,2.8954554e-09,5.2342926e-05
14,Normal,Normal,0.999995,1.0738614e-06,3.899049e-06,3.8403587e-09,4.93419e-05
15,Normal,Normal,0.99999404,1.2851681e-06,4.5949428e-06,3.9829695e-09,5.7667905e-05
16,Normal,Normal,0.99999523,9.264677e-07,3.815352e-06,5.0268145e-09,4.7130652e-05
17,Normal,Normal,0.99999523,8.63917e-07,3.9684887e-06,5.9260175e-09,4.7824644e-05
18,Normal,Normal,0.9999943,1.4054636e-06,4.2562997e-06,3.136877e-09,5.5803735e-05
19,Normal,Normal,0.9999956,8.4453586e-07,3.5657042e-06,4.6988693e-09,4.403102e-05
20,Normal,Normal,0.9999945,1.1775433e-06,4.253465e-06,3.904414e-09,5.3553587e-05
21,Normal,Normal,0.99999547,1.1693928e-06,3.309624e-06,2.064646e-09,4.4945053e-05
22,Normal,Normal,0.999995,1.1088912e-06,3.92661e-06,3.2770353e-09,4.9883693e-05
23,Normal,Normal,0.99999535,1.0919601e-06,3.5588646e-06,2.742923e-09,4.64136e-05
24,Normal,Normal,0.99999535,9.487984e-07,3.6824817e-06,3.9363988e-09,4.6136134e-05
25,Normal,Normal,0.999995,1.1154482e-06,3.9850497e-06,3.650864e-09,5.0431056e-05
26,Normal,Normal,0.9999962,7.1503723e-07,3.104046e-06,4.189391e-09,3.8506943e-05
27,Normal,Normal,0.9999951,1.0134368e-06,3.7638558e-06,3.6699452e-09,4.7578116e-05
28,Normal,Normal,0.9999944,1.3258527e-06,4.25385e-06,3.357633e-09,5.498254e-05
29,Normal,Normal,0.99999595,7.279691e-07,3.3461865e-06,4.7464317e-09,4.0842802e-05
30,Normal,Normal,0.9999956,9.890202e-07,3.466823e-06,2.6586946e-09,4.4524317e-05
31,Normal,Normal,0.999995,1.2230585e-06,3.839515e-06,2.731379e-09,5.019924e-05
32,Normal,Normal,0.99999535,1.0126873e-06,3.6013166e-06,3.3328797e-09,4.604498e-05
33,Normal,Normal,0.9999944,1.4412653e-06,4.1662097e-06,2.7362737e-09,5.529481e-05
34,Normal,Normal,0.99999464,1.2715135e-06,4.032211e-06,3.2918623e-09,5.24959e-05
35,Normal,Normal,0.999995,1.091227e-06,3.9899746e-06,3.9293235e-09,5.025317e-05
36,Normal,Normal,0.9999957,9.4917067e-07,3.369087e-06,2.6792664e-09,4.3252447e-05
37,Normal,Normal,0.99999535,8.763727e-07,3.7665031e-06,4.6577417e-09,4.6168345e-05
38,Normal,Normal,0.99999475,1.046097e-06,4.1633593e-06,4.3731374e-09,5.1443072e-05
39,Normal,Normal,0.999995,1.0888806e-06,3.929e-06,3.7019399e-09,4.972546e-05
40,Normal,Normal,0.9999949,1.251912e-06,3.8126154e-06,2.5435998e-09,5.0322356e-05
41,Normal,Normal,0.9999958,8.456491e-07,3.3436854e-06,3.4734309e-09,4.1999352e-05
42,Normal,Normal,0.9999949,1.1403516e-06,3.939862e-06,3.5269958e-09,5.03706e-05
43,Normal,Normal,0.99999416,1.4397979e-06,4.4129247e-06,2.9015688e-09,5.747745e-05
44,Normal,Normal,0.99999523,1.0461654e-06,3.6393085e-06,3.5455454e-09,4.675855e-05
45,Normal,Normal,0.9999951,9.636036e-07,3.8824373e-06,4.4644044e-09,4.810903e-05
46,Normal,Normal,0.9999944,1.1406904e-06,4.3732925e-06,4.515019e-09,5.4292257e-05
47,Normal,Normal,0.99999547,8.66024e-07,3.713779e-06,4.963648e-09,4.555243e-05
48,Normal,Normal,0.99999535,9.817231e-07,3.6634685e-06,4.177355e-09,4.6286612e-05
49,Normal,Normal,0.999995,1.0885286e-06,3.909463e-06,3.771521e-09,4.9561797e-05
50,Normal,Normal,0.99999535,1.0208976e-06,3.5437122e-06,3.570002e-09,4.564433e-05
51,Normal,Normal,0.9999951,1.0831212e-06,3.7803823e-06,3.2581018e-09,4.8351416e-05
52,Normal,Normal,0.9999943,1.3067607e-06,4.375345e-06,3.557722e-09,5.589351e-05
53,Normal,Normal,0.99999404,1.520242e-06,4.377681e-06,2.7666849e-09,5.7994366e-05
54,Normal,Normal,0.99999464,1.2063513e-06,4.152347e-06,4.085225e-09,5.2902593e-05
55,Normal,Normal,0.9999951,1.1362614e-06,3.6508943e-06,3.115117e-09,4.7762314e-05
56,Normal,Normal,0.99999475,1.2047625e-06,4.0001387e-06,3.3133052e-09,5.1539067e-05
57,Normal,Normal,0.99999523,1.0802146e-06,3.6364393e-06,3.0397829e-09,4.7041198e-05
58,Ball Fault,Ball Fault,1.0771796e-14,0.999997,3.0038484e-06,5.6841072e-18,2.9702254e-05
59,Ball Fault,Ball Fault,6.843636e-15,0.99999833,1.6806174e-06,1.1734669e-18,1.7323202e-05
60,Ball Fault,Ball Fault,3.3259848e-15,0.9999988,1.20122e-06,1.0599453e-18,1.2672191e-05
61,Ball Fault,Ball Fault,2.3391948e-15,0.9999988,1.1542494e-06,8.434196e-19,1.2243514e-05
62,Ball Fault,Ball Fault,3.0133987e-15,0.9999993,6.786294e-07,2.620239e-19,7.468842e-06
63,Ball Fault,Ball Fault,4.8633947e-15,0.99999905,9.527035e-07,4.9485346e-19,1.0215705e-05
64,Ball Fault,Ball Fault,4.5234037e-15,0.9999987,1.2713538e-06,8.79101e-19,1.3395805e-05
65,Ball Fault,Ball Fault,1.888766e-14,0.99999774,2.3017772e-06,1.3365156e-18,2.318866e-05
66,Ball Fault,Ball Fault,3.104255e-15,0.9999994,5.645315e-07,1.542841e-19,6.288829e-06
67,Ball Fault,Ball Fault,1.0235258e-14,0.99999833,1.6426475e-06,1.6746988e-18,1.69861e-05
68,Ball Fault,Ball Fault,4.660963e-15,0.9999993,6.764093e-07,2.633768e-19,7.4476943e-06
69,Ball Fault,Ball Fault,3.3321452e-15,0.99999917,8.659289e-07,5.7428115e-19,9.321557e-06
70,Ball Fault,Ball Fault,8.5250054e-15,0.99999833,1.6899537e-06,1.5663892e-18,1.7405999e-05
71,Ball Fault,Ball Fault,1.27972906e-14,0.99999714,2.8980255e-06,3.775298e-18,2.8720588e-05
72,Ball Fault,Ball Fault,8.110726e-15,0.9999981,1.9668616e-06,1.612146e-18,2.0017493e-05
73,Ball Fault,Ball Fault,6.727724e-15,0.9999982,1.7802665e-06,2.3562955e-18,1.8290986e-05
74,Ball Fault,Ball Fault,6.919101e-15,0.99999774,2.280019e-06,2.913822e-18,2.3000528e-05
75,Ball Fault,Ball Fault,7.451885e-15,0.99999833,1.6834069e-06,1.1239838e-18,1.7347944e-05
76,Ball Fault,Ball Fault,4.668151e-15,0.99999905,9.000724e-07,4.5122454e-19,9.726252e-06
77,Ball Fault,Ball Fault,2.9330318e-14,0.9999939,6.0870016e-06,2.4047313e-17,5.7116777e-05
78,Ball Fault,Ball Fault,1.6619201e-14,0.99999666,3.311339e-06,5.4778526e-18,3.2547858e-05
79,Ball Fault,Ball Fault,1.6841502e-14,0.9999975,2.498717e-06,2.3009553e-18,2.5056896e-05
80,Ball Fault,Ball Fault,4.5871455e-15,0.9999995,4.893872e-07,8.994473e-20,5.4734e-06
81,Ball Fault,Ball Fault,4.995887e-15,0.99999905,9.572435e-07,6.081788e-19,1.0257826e-05
82,Ball Fault,Ball Fault,4.8103835e-15,0.9999988,1.1592224e-06,8.1964986e-19,1.2288964e-05
83,Ball Fault,Ball Fault,2.9619182e-15,0.9999988,1.2172472e-06,1.0267072e-18,1.2818156e-05
84,Ball Fault,Ball Fault,6.445552e-15,0.99999833,1.6984734e-06,1.5427871e-18,1.7481518e-05
85,Ball Fault,Ball Fault,1.1671663e-14,0.99999535,4.6064e-06,1.4781044e-17,4.418466e-05
86,Ball Fault,Ball Fault,5.2547934e-15,0.9999989,1.0534659e-06,4.144477e-19,1.1232994e-05
87,Ball Fault,Ball Fault,8.720701e-15,0.9999968,3.259172e-06,6.6815394e-18,3.2024367e-05
88,Ball Fault,Ball Fault,3.4640115e-15,0.9999994,6.33838e-07,1.9309382e-19,6.9551625e-06
89,Ball Fault,Ball Fault,4.3573907e-15,0.99999917,8.1228427e-07,4.641277e-19,8.818848e-06
90,Ball Fault,Ball Fault,4.540173e-15,0.9999988,1.2386243e-06,7.963069e-19,1.3012609e-05
91,Ball Fault,Ball Fault,6.410256e-14,0.9999846,1.5358837e-05,1.1077349e-16,0.00013389112
92,Ball Fault,Ball Fault,5.9751394e-15,0.99999833,1.6311005e-06,1.1534861e-18,1.6883461e-05
93,Ball Fault,Ball Fault,1.4937843e-14,0.99999833,1.6955231e-06,1.1272901e-18,1.745537e-05
94,Ball Fault,Ball Fault,5.325343e-15,0.9999993,7.0226804e-07,2.7645276e-19,7.693685e-06
95,Ball Fault,Ball Fault,2.635593e-15,0.9999994,5.515451e-07,1.4133623e-19,6.1633123e-06
96,Ball Fault,Ball Fault,6.971857e-15,0.99999845,1.5864053e-06,1.6670441e-18,1.6399616e-05
97,Ball Fault,Ball Fault,2.8794226e-15,0.9999993,7.084209e-07,2.5720698e-19,7.752114e-06
98,Ball Fault,Ball Fault,4.4001295e-15,0.99999785,2.1713688e-06,3.2551085e-18,2.1972823e-05
99,Ball Fault,Ball Fault,4.1900594e-15,0.99999845,1.5553196e-06,1.3044411e-18,1.6122372e-05
100,Ball Fault,Ball Fault,3.3154716e-15,0.99999905,9.746389e-07,3.9228648e-19,1.041907e-05
101,Ball Fault,Ball Fault,3.369726e-15,0.99999905,9.3452155e-07,3.1571168e-19,1.00468615e-05
102,Ball Fault,Ball Fault,6.3861816e-15,0.99999905,9.837943e-07,5.8582446e-19,1.0503846e-05
103,Ball Fault,Ball Fault,4.774281e-15,0.9999993,7.540518e-07,3.168797e-19,8.1842545e-06
104,Ball Fault,Ball Fault,8.4468565e-15,0.99999774,2.2347535e-06,4.088119e-18,2.260866e-05
105,Ball Fault,Ball Fault,1.4931578e-14,0.99999857,1.4671031e-06,5.997783e-19,1.5247135e-05
106,Ball Fault,Ball Fault,2.1596613e-14,0.99999607,3.919472e-06,9.158671e-18,3.8036385e-05
107,Ball Fault,Ball Fault,7.0181046e-15,0.99999917,7.9885245e-07,2.0945745e-19,8.692583e-06
108,Ball Fault,Ball Fault,1.1777906e-14,0.9999969,3.1132565e-06,7.850825e-18,3.0711435e-05
109,Ball Fault,Ball Fault,2.8867247e-15,0.99999905,9.261867e-07,5.7102397e-19,9.969376e-06
110,Ball Fault,Ball Fault,3.4421968e-15,0.99999917,8.439045e-07,4.275043e-19,9.115463e-06
111,Ball Fault,Ball Fault,4.1277423e-15,0.99999833,1.6603456e-06,1.5603539e-18,1.7143306e-05
112,Ball Fault,Ball Fault,7.253818e-15,0.9999987,1.3354266e-06,9.415379e-19,1.397588e-05
113,Ball Fault,Ball Fault,5.5839487e-15,0.99999785,2.1181966e-06,2.9205775e-18,2.1510541e-05
114,Ball Fault,Ball Fault,8.05602e-15,0.99999774,2.2269605e-06,3.841502e-18,2.2541128e-05
115,Ball Fault,Ball Fault,6.2186868e-15,0.99999833,1.6880047e-06,1.8308055e-18,1.7388717e-05
116,Ball Fault,Ball Fault,4.914436e-15,0.99999857,1.390149e-06,2.1860953e-18,1.4555533e-05
117,Ball Fault,Ball Fault,1.9031899e-15,0.9999995,4.693178e-07,2.0037878e-19,5.2772234e-06
118,Ball Fault,Ball Fault,6.633644e-16,0.9999999,1.6042074e-07,2.2452569e-20,1.8965105e-06
119,Ball Fault,Ball Fault,1.8838898e-15,0.99999964,3.026297e-07,5.822864e-20,3.5348796e-06
120,Ball Fault,Ball Fault,3.939895e-15,0.9999993,7.4922406e-07,3.8349463e-19,8.138631e-06
121,Ball Fault,Ball Fault,2.4338264e-15,0.99999917,8.5779754e-07,7.5760144e-19,9.245516e-06
122,Ball Fault,Ball Fault,1.6016565e-15,0.9999995,4.4280642e-07,2.0336741e-19,5.017123e-06
123,Ball Fault,Ball Fault,1.1740971e-15,0.99999976,2.6369793e-07,5.7672893e-20,3.0535305e-06
124,Ball Fault,Ball Fault,1.9183363e-15,0.9999995,4.4282672e-07,1.7125253e-19,5.0173226e-06
125,Ball Fault,Ball Fault,1.2407467e-15,0.99999976,2.9235895e-07,5.786219e-20,3.3449587e-06
126,Ball Fault,Ball Fault,1.3895386e-15,0.99999976,1.9950556e-07,2.665373e-20,2.3922269e-06
127,Ball Fault,Ball Fault,1.5883438e-15,0.9999995,4.6909676e-07,3.5678476e-19,5.275059e-06
128,Ball Fault,Ball Fault,6.8380324e-16,0.99999976,2.0688e-07,4.4052324e-20,2.468877e-06
129,Ball Fault,Ball Fault,1.0659042e-15,0.99999976,2.7241e-07,5.46557e-20,3.1423428e-06
130,Ball Fault,Ball Fault,1.2548407e-15,0.99999976,2.5318093e-07,4.4630294e-20,2.946041e-06
131,Ball Fault,Ball Fault,6.977556e-16,0.99999976,2.2572365e-07,4.624417e-20,2.6638918e-06
132,Ball Fault,Ball Fault,2.4845482e-15,0.9999993,7.011445e-07,6.2113783e-19,7.683011e-06
133,Ball Fault,Ball Fault,1.5153538e-15,0.9999995,4.7273716e-07,2.8912834e-19,5.3106896e-06
134,Ball Fault,Ball Fault,1.1516559e-15,0.99999964,3.616926e-07,1.4510528e-19,4.1278954e-06
135,Ball Fault,Ball Fault,2.3887022e-15,0.9999995,4.8888626e-07,2.4588784e-19,5.4685106e-06
136,Ball Fault,Ball Fault,2.153029e-15,0.9999994,6.4706893e-07,4.0444283e-19,7.081728e-06
137,Ball Fault,Ball Fault,1.7126924e-15,0.99999964,3.9806372e-07,1.3170269e-19,4.48953e-06
138,Ball Fault,Ball Fault,1.7658794e-15,0.9999994,6.5173174e-07,5.98773e-19,7.1262853e-06
139,Ball Fault,Ball Fault,1.8853846e-15,0.9999994,5.4826114e-07,3.526496e-19,6.1315372e-06
140,Ball Fault,Ball Fault,1.0530037e-15,0.99999964,3.3925647e-07,1.3285976e-19,3.903515e-06
141,Ball Fault,Ball Fault,1.730595e-15,0.9999995,4.5933533e-07,2.3320457e-19,5.1794163e-06
142,Ball Fault,Ball Fault,1.6388824e-15,0.99999976,2.3682273e-07,2.6932755e-20,2.7782198e-06
143,Ball Fault,Ball Fault,8.9384e-16,0.99999976,1.8597879e-07,2.3236712e-20,2.2511126e-06
144,Ball Fault,Ball Fault,2.2928322e-15,0.9999994,6.1958457e-07,4.3428135e-19,6.8185936e-06
145,Ball Fault,Ball Fault,8.553704e-15,0.9999982,1.7882794e-06,3.3163619e-18,1.8361714e-05
146,Ball Fault,Ball Fault,2.26295e-15,0.99999964,3.6169467e-07,1.1849745e-19,4.1279163e-06
147,Ball Fault,Ball Fault,7.906879e-16,0.9999999,8.834504e-08,5.2117613e-21,1.1210938e-06
148,Ball Fault,Ball Fault,1.2126847e-15,0.99999976,2.1733089e-07,4.1402597e-20,2.5771803e-06
149,Ball Fault,Ball Fault,1.5252132e-15,0.99999976,2.437547e-07,3.6300792e-20,2.8494323e-06
150,Ball Fault,Ball Fault,2.713867e-15,0.9999995,4.2977166e-07,1.08259247e-19,4.888825e-06
151,Ball Fault,Ball Fault,1.0378815e-15,0.99999976,2.453034e-07,4.0516857e-20,2.8653224e-06
152,Ball Fault,Ball Fault,4.2094636e-15,0.9999993,6.8336783e-07,4.0858473e-19,7.513959e-06
153,Ball Fault,Ball Fault,6.3981748e-15,0.99999845,1.5874239e-06,1.8547908e-18,1.6408694e-05
154,Ball Fault,Ball Fault,4.1888316e-15,0.99999917,7.8727334e-07,5.471264e-19,8.5836045e-06
155,Ball Fault,Ball Fault,8.0474636e-16,0.99999976,2.1332212e-07,3.4541208e-20,2.535681e-06
156,Ball Fault,Ball Fault,7.2723305e-16,0.9999999,1.498309e-07,2.2887635e-20,1.7843764e-06
157,Ball Fault,Ball Fault,1.8686515e-15,0.9999995,4.4766261e-07,1.9383628e-19,5.06485e-06
158,Ball Fault,Ball Fault,4.3439805e-15,0.99999917,8.794638e-07,7.6272536e-19,9.448009e-06
159,Ball Fault,Ball Fault,1.0489466e-15,0.99999976,1.8020356e-07,2.9776266e-20,2.190651e-06
160,Ball Fault,Ball Fault,2.0747776e-15,0.9999994,5.5029676e-07,2.8787695e-19,6.1512355e-06
161,Ball Fault,Ball Fault,4.082116e-15,0.9999993,6.7889874e-07,4.5875545e-19,7.471407e-06
162,Ball Fault,Ball Fault,2.227815e-15,0.99999964,4.0882466e-07,1.5195014e-19,4.5960555e-06
163,Ball Fault,Ball Fault,1.3547171e-15,0.99999976,2.470204e-07,4.3804315e-20,2.8829315e-06
164,Ball Fault,Ball Fault,1.3370199e-15,0.99999964,3.8203694e-07,1.5736496e-19,4.3304863e-06
165,Ball Fault,Ball Fault,1.7305227e-15,0.99999964,3.0751244e-07,7.9595196e-20,3.5841995e-06
166,Ball Fault,Ball Fault,1.80964e-15,0.99999964,3.2418083e-07,7.138515e-20,3.7521481e-06
167,Ball Fault,Ball Fault,1.6666222e-15,0.9999995,4.55879e-07,1.6103223e-19,5.1455154e-06
168,Ball Fault,Ball Fault,2.0905002e-15,0.9999995,4.2725515e-07,1.4400131e-19,4.8640222e-06
169,Ball Fault,Ball Fault,7.3600196e-16,0.9999999,1.4656287e-07,1.366407e-20,1.7496645e-06
170,Ball Fault,Ball Fault,3.8588746e-15,0.9999994,6.5425195e-07,3.1809815e-19,7.1503578e-06
171,Ball Fault,Ball Fault,1.4647032e-15,0.99999976,2.5285516e-07,4.553851e-20,2.9427065e-06
172,Ball Fault,Ball Fault,1.3630263e-15,0.99999964,3.6042098e-07,1.0436003e-19,4.1152057e-06
173,Ball Fault,Ball Fault,7.655895e-16,0.99999976,2.6180206e-07,7.2810325e-20,3.0341764e-06
174,Inner Race Fault,Inner Race Fault,1.0030284e-06,3.2734833e-06,0.9940003,0.0059954436,0.026483601
175,Inner Race Fault,Inner Race Fault,8.5991655e-07,1.3053901e-05,0.99997735,8.719099e-06,0.00020417498
176,Inner Race Fault,Inner Race Fault,4.1259565e-07,4.673403e-06,0.9998945,0.0001004526,0.00078891526
177,Inner Race Fault,Inner Race Fault,1.3887704e-06,8.207098e-06,0.9999496,4.076943e-05,0.00041646586
178,Inner Race Fault,Inner Race Fault,7.076196e-07,6.103928e-06,0.9999337,5.9460785e-05,0.00052525016
179,Inner Race Fault,Inner Race Fault,9.0584194e-07,5.6350273e-06,0.99980265,0.00019080102,0.0013793007
180,Inner Race Fault,Inner Race Fault,7.6779054e-07,5.4384336e-06,0.99971324,0.00028054256,0.001917305
181,Inner Race Fault,Inner Race Fault,8.848868e-07,7.1063164e-06,0.9999609,3.1208303e-05,0.00033142744
182,Inner Race Fault,Inner Race Fault,1.0935164e-06,1.0085775e-05,0.9999641,2.4777482e-05,0.00030996389
183,Inner Race Fault,Inner Race Fault,4.257434e-07,6.281698e-06,0.9998196,0.00017371184,0.0012738351
184,Inner Race Fault,Inner Race Fault,1.4045683e-06,9.932321e-06,0.9999616,2.7025686e-05,0.00032893845
185,Inner Race Fault,Inner Race Fault,4.3295813e-07,5.3914096e-06,0.99981433,0.00017978338,0.0013040558
186,Inner Race Fault,Inner Race Fault,1.642435e-06,1.5039764e-05,0.99998057,2.668011e-06,0.0001749719
187,Inner Race Fault,Inner Race Fault,5.145362e-07,4.491232e-06,0.9993876,0.0006074117,0.0037319774
188,Inner Race Fault,Inner Race Fault,2.00054e-06,9.069693e-06,0.9999454,4.34788e-05,0.00044926957
189,Inner Race Fault,Inner Race Fault,1.0809368e-06,3.7373445e-06,0.99710685,0.002888345,0.014310725
190,Inner Race Fault,Inner Race Fault,9.733495e-07,9.883218e-06,0.9999571,3.2035674e-05,0.00036198317
191,Inner Race Fault,Inner Race Fault,8.6598914e-07,6.6806892e-06,0.9999056,8.6845874e-05,0.0007200746
192,Inner Race Fault,Inner Race Fault,8.6711407e-07,8.059244e-06,0.9999449,4.617694e-05,0.00044917347
193,Inner Race Fault,Inner Race Fault,7.1169245e-07,5.443302e-06,0.99975735,0.00023643376,0.0016539481
194,Inner Race Fault,Inner Race Fault,7.0109877e-07,6.4469496e-06,0.9999093,8.351671e-05,0.0006939097
195,Inner Race Fault,Inner Race Fault,1.1838388e-06,9.910215e-06,0.99994886,3.9981307e-05,0.00042297988
196,Inner Race Fault,Inner Race Fault,4.9478274e-07,4.601029e-06,0.9998091,0.0001858633,0.0013354169
197,Inner Race Fault,Inner Race Fault,1.2876733e-06,1.0485262e-05,0.99994934,3.8855767e-05,0.00042051089
198,Inner Race Fault,Inner Race Fault,6.209836e-07,3.9244487e-06,0.9984681,0.001527369,0.008289893
199,Inner Race Fault,Inner Race Fault,2.18763e-06,8.187484e-06,0.99991715,7.2532006e-05,0.00064819894
200,Inner Race Fault,Inner Race Fault,7.564764e-07,3.1753284e-06,0.9987815,0.0012145736,0.0067968895
201,Inner Race Fault,Inner Race Fault,1.5960237e-06,2.5684632e-05,0.999972,8.2031937e-07,0.00023969646
202,Inner Race Fault,Inner Race Fault,6.4155716e-07,4.6400723e-06,0.99953973,0.0004550853,0.0029057222
203,Inner Race Fault,Inner Race Fault,4.1812257e-07,1.584093e-05,0.9999821,1.6039439e-06,0.00015906602
204,Inner Race Fault,Inner Race Fault,7.2005867e-07,7.749973e-06,0.9999151,7.640171e-05,0.0006567931
205,Inner Race Fault,Inner Race Fault,8.424635e-07,8.708353e-06,0.99993527,5.5201548e-05,0.00051879295
206,Inner Race Fault,Inner Race Fault,7.074695e-07,7.972386e-06,0.9999523,3.895989e-05,0.00039447058
207,Inner Race Fault,Inner Race Fault,1.2716209e-06,6.964808e-06,0.99982065,0.00017112476,0.0012720868
208,Inner Race Fault,Inner Race Fault,2.0064483e-06,8.782062e-06,0.999796,0.00019329236,0.0014322201
209,Inner Race Fault,Inner Race Fault,6.3585946e-07,3.426812e-06,0.9983699,0.0016260863,0.008744922
210,Inner Race Fault,Inner Race Fault,1.229926e-06,1.3324142e-05,0.9999658,1.9702928e-05,0.00029863938
211,Inner Race Fault,Inner Race Fault,1.1014231e-06,4.0144637e-06,0.9990096,0.0009853187,0.005681193
212,Inner Race Fault,Inner Race Fault,1.5604734e-06,1.5796999e-05,0.99997735,5.2979926e-06,0.00020379623
213,Inner Race Fault,Inner Race Fault,4.3521007e-07,4.265712e-06,0.9998809,0.0001143374,0.0008771369
214,Inner Race Fault,Inner Race Fault,1.2619126e-06,8.952349e-06,0.9999063,8.343764e-05,0.0007202584
215,Inner Race Fault,Inner Race Fault,8.1578617e-07,4.9267273e-06,0.9995233,0.00047099142,0.00299818
216,Inner Race Fault,Inner Race Fault,1.3958579e-06,7.4732598e-06,0.9996728,0.00031832556,0.002162244
217,Inner Race Fault,Inner Race Fault,7.6714105e-07,7.3259603e-06,0.9998435,0.00014843972,0.0011270907
218,Inner Race Fault,Inner Race Fault,6.983275e-07,8.297562e-06,0.9999522,3.8827802e-05,0.0003961119
219,Inner Race Fault,Inner Race Fault,9.614168e-07,9.864861e-06,0.99997485,1.4289e-05,0.00022476405
220,Inner Race Fault,Inner Race Fault,9.54451e-07,4.478478e-06,0.9996965,0.0002981609,0.0020142065
221,Inner Race Fault,Inner Race Fault,1.7639626e-06,6.887421e-06,0.99993694,5.441936e-05,0.0005068357
222,Inner Race Fault,Inner Race Fault,5.5286455e-07,6.1519686e-06,0.99985206,0.00014112292,0.0010682349
223,Inner Race Fault,Inner Race Fault,6.80257e-07,1.4412205e-05,0.9999819,2.9570133e-06,0.00016308636
224,Inner Race Fault,Inner Race Fault,5.477321e-07,3.72335e-06,0.9996978,0.00029788844,0.0020018015
225,Inner Race Fault,Inner Race Fault,1.1982559e-06,1.1696888e-05,0.9999676,1.9512809e-05,0.00028363365
226,Inner Race Fault,Inner Race Fault,5.922301e-07,4.321992e-06,0.9994252,0.00056990096,0.0035300772
227,Inner Race Fault,Inner Race Fault,1.0478593e-06,8.410657e-06,0.9999393,5.1180035e-05,0.0004898364
228,Inner Race Fault,Inner Race Fault,9.2111316e-07,5.2224846e-06,0.9998066,0.00018723003,0.0013537861
229,Inner Race Fault,Inner Race Fault,1.8500712e-06,5.6722424e-06,0.998588,0.0014043676,0.0077386457
230,Inner Race Fault,Inner Race Fault,7.503705e-07,5.6609215e-06,0.9999099,8.3783925e-05,0.0006893179
231,Inner Race Fault,Inner Race Fault,1.7384749e-06,5.024605e-06,0.99925107,0.00074206037,0.004458188
232,Inner Race Fault,Inner Race Fault,6.4290236e-07,4.1405483e-06,0.9993056,0.00068967626,0.0041657765
233,Inner Race Fault,Inner Race Fault,1.4016196e-06,1.4690745e-05,0.99998105,2.8477111e-06,0.0001714573
234,Inner Race Fault,Inner Race Fault,5.7988257e-07,3.24756e-06,0.9975873,0.0024088211,0.012249198
235,Inner Race Fault,Inner Race Fault,7.459718e-07,1.1239733e-05,0.9999653,2.27342e-05,0.00030034632
236,Inner Race Fault,Inner Race Fault,9.808202e-07,4.5779393e-06,0.9996799,0.00031458377,0.0021112133
237,Inner Race Fault,Inner Race Fault,2.3555149e-06,6.1077017e-06,0.9996991,0.000292434,0.0020084532
238,Inner Race Fault,Inner Race Fault,4.633152e-07,8.222591e-06,0.9999176,7.360873e-05,0.0006390551
239,Inner Race Fault,Inner Race Fault,8.536028e-07,6.4200635e-06,0.9999379,5.479525e-05,0.00049660366
240,Inner Race Fault,Inner Race Fault,9.0199194e-07,9.041256e-06,0.99995506,3.4995395e-05,0.00037622676
241,Inner Race Fault,Inner Race Fault,6.7739376e-07,4.5547013e-06,0.9994148,0.00057998,0.003587247
242,Inner Race Fault,Inner Race Fault,1.3982765e-06,1.09420835e-05,0.9999553,3.2315522e-05,0.00037703622
243,Inner Race Fault,Inner Race Fault,6.095854e-07,4.7522094e-06,0.99887806,0.001116582,0.006332152
244,Inner Race Fault,Inner Race Fault,1.1341841e-06,1.0681059e-05,0.9999572,3.0864052e-05,0.00036149594
245,Inner Race Fault,Inner Race Fault,3.2460093e-07,4.9901564e-06,0.9998375,0.00015710985,0.0011572547
246,Inner Race Fault,Inner Race Fault,1.7229804e-06,1.0115921e-05,0.9999703,1.7891702e-05,0.0002629122
247,Inner Race Fault,Inner Race Fault,8.459924e-07,4.7446447e-06,0.9988556,0.0011388834,0.006443627
248,Inner Race Fault,Inner Race Fault,1.1917167e-06,9.81613e-06,0.99997425,1.4789029e-05,0.00023059791
249,Inner Race Fault,Inner Race Fault,7.392143e-07,6.43896e-06,0.9999329,5.9948754e-05,0.0005318765
250,Inner Race Fault,Inner Race Fault,7.8943003e-07,6.160945e-06,0.99987864,0.00011438274,0.0008977087
251,Inner Race Fault,Inner Race Fault,7.162792e-07,8.902807e-06,0.99997973,1.0700448e-05,0.00018495436
252,Inner Race Fault,Inner Race Fault,7.0179766e-07,5.328158e-06,0.9997384,0.0002555284,0.0017672927
253,Inner Race Fault,Inner Race Fault,1.8198937e-06,8.216271e-06,0.99988127,0.00010875365,0.0008883525
254,Inner Race Fault,Inner Race Fault,7.5398856e-07,3.5727362e-06,0.99827754,0.0017181268,0.009171861
255,Inner Race Fault,Inner Race Fault,1.1504568e-06,1.2446139e-05,0.9999645,2.1895756e-05,0.00030783424
256,Inner Race Fault,Inner Race Fault,9.526234e-07,4.7112267e-06,0.99934965,0.0006446428,0.0039365366
257,Inner Race Fault,Inner Race Fault,2.3167888e-06,9.227057e-06,0.99993896,4.9555827e-05,0.00049721386
258,Inner Race Fault,Inner Race Fault,5.2320627e-07,4.4318754e-06,0.99954444,0.0004506165,0.0028778915
259,Inner Race Fault,Inner Race Fault,1.6401784e-06,1.4084803e-05,0.9999789,5.3138133e-06,0.00019102622
260,Inner Race Fault,Inner Race Fault,5.9108226e-07,6.1268092e-06,0.9999292,6.403221e-05,0.0005562504
261,Inner Race Fault,Inner Race Fault,1.0167662e-06,9.123108e-06,0.9999734,1.6398324e-05,0.00023600084
262,Inner Race Fault,Inner Race Fault,5.4231236e-07,1.116276e-05,0.9999827,5.5779233e-06,0.00015860407
263,Inner Race Fault,Inner Race Fault,1.0637433e-06,8.449502e-06,0.999961,2.942418e-05,0.00033132648
264,Inner Race Fault,Inner Race Fault,9.861736e-07,8.130635e-06,0.99994373,4.719248e-05,0.00045826542
265,Inner Race Fault,Inner Race Fault,4.8304435e-07,4.7009275e-06,0.9999238,7.1034134e-05,0.000591079
266,Inner Race Fault,Inner Race Fault,2.13046e-06,7.113063e-06,0.99984646,0.000144265,0.0011119762
267,Inner Race Fault,Inner Race Fault,9.545506e-07,3.7781736e-06,0.99979025,0.00020499575,0.0014506767
268,Inner Race Fault,Inner Race Fault,8.7712465e-07,1.4437053e-05,0.99996984,1.4878455e-05,0.00026595115
269,Inner Race Fault,Inner Race Fault,5.022878e-07,5.812087e-06,0.9999424,5.1267838e-05,0.00046265515
270,Inner Race Fault,Inner Race Fault,1.119449e-06,1.9746305e-05,0.99997807,1.1160805e-06,0.00019221971
271,Inner Race Fault,Inner Race Fault,8.23308e-07,3.4386912e-06,0.99637306,0.0036227165,0.017338844
272,Inner Race Fault,Inner Race Fault,1.404654e-06,1.0965344e-05,0.9999654,2.2157492e-05,0.0003002254
273,Inner Race Fault,Inner Race Fault,8.9573643e-07,5.2681817e-06,0.99969435,0.00029949797,0.0020284697
274,Inner Race Fault,Inner Race Fault,1.2226835e-06,1.2115423e-05,0.99996686,1.979705e-05,0.0002895103
275,Inner Race Fault,Inner Race Fault,5.9273026e-07,7.177336e-06,0.9999459,4.635745e-05,0.00044019363
276,Inner Race Fault,Inner Race Fault,9.935231e-07,5.5389914e-06,0.9996172,0.00037626887,0.0024745397
277,Inner Race Fault,Inner Race Fault,8.648574e-07,8.422619e-06,0.9999254,6.5362416e-05,0.0005878368
278,Inner Race Fault,Inner Race Fault,4.527833e-07,4.3567106e-06,0.9999187,7.651566e-05,0.0006253409
279,Inner Race Fault,Inner Race Fault,2.5827756e-06,7.7460245e-06,0.9998491,0.00014048132,0.001097478
280,Inner Race Fault,Inner Race Fault,6.418131e-07,4.0537107e-06,0.9987538,0.0012415255,0.0069339387
281,Inner Race Fault,Inner Race Fault,7.590143e-07,1.2291249e-05,0.9999757,1.127071e-05,0.00021813333
282,Inner Race Fault,Inner Race Fault,9.939441e-07,3.008105e-06,0.9934515,0.0065446123,0.0284879
283,Inner Race Fault,Inner Race Fault,1.2854983e-06,1.48989e-05,0.9999707,1.30634035e-05,0.00025915043
284,Inner Race Fault,Inner Race Fault,5.790961e-07,4.8778998e-06,0.9996357,0.00035876528,0.0023647526
285,Inner Race Fault,Inner Race Fault,1.163734e-06,1.1135357e-05,0.99997115,1.6575184e-05,0.0002555052
286,Inner Race Fault,Inner Race Fault,1.8053178e-06,3.3169456e-06,0.9961635,0.0038314594,0.018188821
287,Inner Race Fault,Inner Race Fault,1.0135147e-06,6.1858887e-06,0.999948,4.4709013e-05,0.00042409977
288,Inner Race Fault,Inner Race Fault,4.6917623e-07,5.944253e-06,0.9999143,7.931872e-05,0.00065859227
289,Inner Race Fault,Inner Race Fault,1.0237848e-06,5.775375e-06,0.9998554,0.0001377745,0.0010482428
290,Outer Race Fault,Outer Race Fault,1.6622419e-09,4.925717e-11,9.4635005e-05,0.99990535,0.00070080464
291,Outer Race Fault,Outer Race Fault,1.0362085e-09,3.7289578e-11,8.5011045e-05,0.999915,0.0006360846
292,Outer Race Fault,Outer Race Fault,5.0008725e-10,1.6908426e-11,4.747924e-05,0.99995255,0.00037518833
293,Outer Race Fault,Outer Race Fault,9.927941e-10,2.6980067e-11,6.923305e-05,0.99993074,0.00052831194
294,Outer Race Fault,Outer Race Fault,2.150717e-09,1.4985523e-10,0.00026920694,0.99973077,0.0017904807
295,Outer Race Fault,Outer Race Fault,1.4664526e-09,7.627162e-11,0.00016188707,0.9998381,0.0011360892
296,Outer Race Fault,Outer Race Fault,1.1018861e-09,4.0680948e-11,9.040817e-05,0.99990964,0.00067243056
297,Outer Race Fault,Outer Race Fault,1.0237876e-09,4.4122747e-11,0.00010692537,0.99989307,0.0007823782
298,Outer Race Fault,Outer Race Fault,1.694154e-09,6.642426e-11,0.00012519036,0.99987483,0.0009017692
299,Outer Race Fault,Outer Race Fault,8.913113e-10,4.1466726e-11,9.350762e-05,0.99990654,0.00069320714
300,Outer Race Fault,Outer Race Fault,5.391369e-10,1.4774614e-11,4.2426513e-05,0.99995756,0.00033873648
301,Outer Race Fault,Outer Race Fault,8.7101115e-10,5.225962e-11,0.00010307223,0.9998969,0.0007569398
302,Outer Race Fault,Outer Race Fault,1.6866234e-09,8.4976304e-11,0.00015699315,0.999843,0.0011052298
303,Outer Race Fault,Outer Race Fault,9.865143e-10,4.0438677e-11,9.362289e-05,0.9999064,0.0006939827
304,Outer Race Fault,Outer Race Fault,1.2249688e-09,6.095353e-11,0.00012312566,0.99987686,0.00088839495
305,Outer Race Fault,Outer Race Fault,5.1585713e-09,3.9302522e-10,0.0006567565,0.9993432,0.003945422
306,Outer Race Fault,Outer Race Fault,1.2328065e-09,4.659432e-11,9.8585166e-05,0.9999014,0.0007271294
307,Outer Race Fault,Outer Race Fault,5.955494e-10,1.4882977e-11,4.3716565e-05,0.99995625,0.00034810737
308,Outer Race Fault,Outer Race Fault,5.60466e-10,1.6453902e-11,4.4606746e-05,0.9999554,0.00035450576
309,Outer Race Fault,Outer Race Fault,6.7532163e-10,3.9660508e-11,8.6670145e-05,0.99991333,0.00064729195
310,Outer Race Fault,Outer Race Fault,8.274655e-10,2.3710301e-11,6.178044e-05,0.99993825,0.00047647723
311,Outer Race Fault,Outer Race Fault,1.6266472e-09,7.914573e-11,0.00015158617,0.99984837,0.0010710282
312,Outer Race Fault,Outer Race Fault,9.247864e-10,3.9561566e-11,9.533624e-05,0.99990463,0.00070548913
313,Outer Race Fault,Outer Race Fault,9.2066277e-10,3.053747e-11,7.254686e-05,0.9999274,0.00055116724
314,Outer Race Fault,Outer Race Fault,1.4110574e-09,8.39193e-11,0.00017295375,0.9998271,0.0012054715
315,Outer Race Fault,Outer Race Fault,1.2875537e-09,6.5697704e-11,0.00013342587,0.9998666,0.0009549453
316,Outer Race Fault,Outer Race Fault,5.77481e-10,2.6339935e-11,6.0215036e-05,0.9999398,0.00046552648
317,Outer Race Fault,Outer Race Fault,1.1495649e-09,5.4069138e-11,0.000121089455,0.9998789,0.00087516604
318,Outer Race Fault,Outer Race Fault,1.4228267e-09,7.1991524e-11,0.00012168789,0.9998783,0.0008790606
319,Outer Race Fault,Outer Race Fault,8.746443e-10,3.5984358e-11,8.717153e-05,0.99991286,0.00065065885
320,Outer Race Fault,Outer Race Fault,7.149042e-10,2.5327306e-11,6.345427e-05,0.9999366,0.00048815788
321,Outer Race Fault,Outer Race Fault,7.505323e-10,2.0987963e-11,5.513037e-05,0.9999449,0.00042969765
322,Outer Race Fault,Outer Race Fault,1.2630614e-09,7.5141525e-11,0.00015492697,0.999845,0.0010921874
323,Outer Race Fault,Outer Race Fault,9.959077e-10,6.7256756e-11,0.00014794267,0.99985206,0.0010478365
324,Outer Race Fault,Outer Race Fault,7.7196e-10,2.706383e-11,7.464116e-05,0.9999254,0.00056549354
325,Outer Race Fault,Outer Race Fault,3.956144e-10,1.2004765e-11,3.7918857e-05,0.9999621,0.00030580303
326,Outer Race Fault,Outer Race Fault,8.6698065e-10,4.5749085e-11,0.000106330364,0.99989367,0.00077844976
327,Outer Race Fault,Outer Race Fault,6.0703087e-10,2.0737648e-11,5.614747e-05,0.99994385,0.00043692335
328,Outer Race Fault,Outer Race Fault,7.795928e-10,1.9545822e-11,5.2806743e-05,0.9999472,0.0004132686
329,Outer Race Fault,Outer Race Fault,1.9371136e-09,1.1912192e-10,0.00020760913,0.9997924,0.001419697
330,Outer Race Fault,Outer Race Fault,1.0557718e-09,4.018868e-11,9.2217946e-05,0.99990773,0.00068464264
331,Outer Race Fault,Outer Race Fault,1.3869208e-09,7.7888106e-11,0.00015902864,0.999841,0.0011180707
332,Outer Race Fault,Outer Race Fault,1.734608e-09,8.698214e-11,0.0001592552,0.99984074,0.0011195134
333,Outer Race Fault,Outer Race Fault,6.1006394e-10,1.9760664e-11,5.403525e-05,0.999946,0.00042195755
334,Outer Race Fault,Outer Race Fault,5.1346655e-10,1.7054842e-11,4.663027e-05,0.9999534,0.00036909693
335,Outer Race Fault,Outer Race Fault,7.742449e-10,2.5316471e-11,6.034391e-05,0.9999397,0.00046642564
336,Outer Race Fault,Outer Race Fault,8.6904656e-10,4.4455845e-11,9.905217e-05,0.99990094,0.000730238
337,Outer Race Fault,Outer Race Fault,8.8358504e-10,3.466614e-11,8.692566e-05,0.9999131,0.0006490063
338,Outer Race Fault,Outer Race Fault,9.487553e-10,3.2932178e-11,7.91767e-05,0.99992085,0.0005964848
339,Outer Race Fault,Outer Race Fault,1.126895e-09,6.260662e-11,0.00013145829,0.9998685,0.00094231294
340,Outer Race Fault,Outer Race Fault,1.0488584e-09,4.6578495e-11,9.875237e-05,0.9999013,0.0007282047
341,Outer Race Fault,Outer Race Fault,8.369374e-10,2.7621582e-11,7.060593e-05,0.9999294,0.00053774077
342,Outer Race Fault,Outer Race Fault,6.7896017e-10,2.449648e-11,6.5159074e-05,0.9999348,0.000500087
343,Outer Race Fault,Outer Race Fault,1.0531735e-09,6.418888e-11,0.00012825559,0.99987173,0.000921626
344,Outer Race Fault,Outer Race Fault,7.910444e-10,2.5341559e-11,6.734178e-05,0.99993265,0.0005152117
345,Outer Race Fault,Outer Race Fault,1.151098e-09,5.147152e-11,0.000106272375,0.99989367,0.000778113
346,Outer Race Fault,Outer Race Fault,7.30734e-10,2.920389e-11,7.019875e-05,0.9999298,0.00053496676
347,Outer Race Fault,Outer Race Fault,1.0471889e-09,3.8885943e-11,7.816267e-05,0.9999218,0.00058961735
348,Outer Race Fault,Outer Race Fault,7.550245e-10,1.3991792e-11,4.2359286e-05,0.9999577,0.00033821384
349,Outer Race Fault,Outer Race Fault,6.8262773e-10,1.187127e-11,3.9609044e-05,0.9999604,0.00031817672
350,Outer Race Fault,Outer Race Fault,1.3165784e-09,2.7276133e-11,7.3165895e-05,0.9999268,0.00055541034
351,Outer Race Fault,Outer Race Fault,5.929631e-10,1.5638699e-11,5.2648902e-05,0.9999473,0.00041217217
352,Outer Race Fault,Outer Race Fault,1.5480137e-09,2.5681011e-11,6.876523e-05,0.9999312,0.00052507984
353,Outer Race Fault,Outer Race Fault,7.241493e-10,1.3030162e-11,4.5079883e-05,0.99995494,0.0003579279
354,Outer Race Fault,Outer Race Fault,3.1809677e-10,4.7782e-12,2.0878546e-05,0.99997914,0.0001773593
355,Outer Race Fault,Outer Race Fault,1.4995073e-09,3.0578307e-11,7.503961e-05,0.9999249,0.0005682909
356,Outer Race Fault,Outer Race Fault,7.1204936e-10,1.1353444e-11,3.828121e-05,0.99996173,0.00030846387
357,Outer Race Fault,Outer Race Fault,5.1267746e-10,8.5505865e-12,3.2030217e-05,0.99996793,0.00026224824
358,Outer Race Fault,Outer Race Fault,6.559387e-10,1.1149266e-11,3.9213024e-05,0.9999608,0.00031530694
359,Outer Race Fault,Outer Race Fault,1.2536295e-09,1.99803e-11,5.9184495e-05,0.99994075,0.00045836132
360,Outer Race Fault,Outer Race Fault,6.9674133e-10,1.4419175e-11,5.0438623e-05,0.9999496,0.00039639277
361,Outer Race Fault,Outer Race Fault,4.0325324e-10,5.402907e-12,2.4754423e-05,0.9999752,0.00020728789
362,Outer Race Fault,Outer Race Fault,9.677114e-10,2.1141536e-11,6.195985e-05,0.999938,0.00047777587
363,Outer Race Fault,Outer Race Fault,6.428366e-10,1.3311146e-11,4.9562062e-05,0.9999504,0.00039016033
364,Outer Race Fault,Outer Race Fault,6.87249e-10,1.3161552e-11,4.4745168e-05,0.9999553,0.00035549377
365,Outer Race Fault,Outer Race Fault,3.718435e-10,6.144024e-12,2.5603329e-05,0.99997437,0.00021376158
366,Outer Race Fault,Outer Race Fault,1.0191988e-09,1.5458666e-11,4.830592e-05,0.9999517,0.0003811328
367,Outer Race Fault,Outer Race Fault,6.373472e-10,1.1419112e-11,4.2593983e-05,0.99995744,0.00033991906
368,Outer Race Fault,Outer Race Fault,3.3281505e-10,5.0010226e-12,2.4258148e-05,0.9999758,0.00020341427
369,Outer Race Fault,Outer Race Fault,5.0229804e-10,1.0747071e-11,3.6614987e-05,0.9999634,0.0002962081
370,Outer Race Fault,Outer Race Fault,9.035772e-10,1.5835649e-11,4.7920057e-05,0.9999521,0.00037838425
371,Outer Race Fault,Outer Race Fault,5.0373167e-10,8.101725e-12,3.0421066e-05,0.9999696,0.0002501629
372,Outer Race Fault,Outer Race Fault,4.944474e-10,9.047125e-12,3.863542e-05,0.9999614,0.00031106058
373,Outer Race Fault,Outer Race Fault,1.0041893e-09,1.3711941e-11,4.5462515e-05,0.9999546,0.00036067478
374,Outer Race Fault,Outer Race Fault,9.926925e-10,2.2096873e-11,6.2672356e-05,0.9999373,0.00048275504
375,Outer Race Fault,Outer Race Fault,6.5458844e-10,1.3637473e-11,4.9423583e-05,0.9999505,0.00038918413
376,Outer Race Fault,Outer Race Fault,6.4968025e-10,1.0875191e-11,3.7864687e-05,0.9999621,0.00030544802
377,Outer Race Fault,Outer Race Fault,4.7332277e-10,8.835322e-12,3.5048073e-05,0.99996495,0.0002846496
378,Outer Race Fault,Outer Race Fault,4.2894502e-10,5.96374e-12,2.4611358e-05,0.99997544,0.00020612463
379,Outer Race Fault,Outer Race Fault,6.132172e-10,9.646165e-12,3.517857e-05,0.99996483,0.00028560904
380,Outer Race Fault,Outer Race Fault,4.4353404e-10,5.297711e-12,2.2260212e-05,0.9999777,0.0001881049
381,Outer Race Fault,Outer Race Fault,5.018642e-10,8.3686755e-12,3.2890926e-05,0.9999671,0.00026864614
382,Outer Race Fault,Outer Race Fault,5.169041e-10,1.0431906e-11,3.64689e-05,0.9999635,0.00029515103
383,Outer Race Fault,Outer Race Fault,8.164072e-10,1.6169736e-11,4.8032605e-05,0.99995196,0.0003791952
384,Outer Race Fault,Outer Race Fault,8.777383e-10,1.4786339e-11,4.2610318e-05,0.99995744,0.00034002936
385,Outer Race Fault,Outer Race Fault,6.434149e-10,1.0017038e-11,3.9166232e-05,0.9999608,0.00031499803
386,Outer Race Fault,Outer Race Fault,6.4348576e-10,1.4532449e-11,5.1143736e-05,0.99994886,0.00040142855
387,Outer Race Fault,Outer Race Fault,7.4891376e-10,1.0719299e-11,3.7691512e-05,0.99996233,0.00030413023
388,Outer Race Fault,Outer Race Fault,7.2310546e-10,1.4888969e-11,5.3220843e-05,0.99994683,0.00041616784
389,Outer Race Fault,Outer Race Fault,1.0652861e-09,2.8553186e-11,7.596907e-05,0.99992406,0.0005745798
390,Outer Race Fault,Outer Race Fault,7.586203e-10,1.5059669e-11,4.8043003e-05,0.99995196,0.00037926142
391,Outer Race Fault,Outer Race Fault,7.926076e-10,1.1698585e-11,4.061925e-05,0.99995935,0.00032560082
392,Outer Race Fault,Outer Race Fault,1.0679485e-09,2.5376295e-11,7.649472e-05,0.99992347,0.00057822576
393,Outer Race Fault,Outer Race Fault,6.649607e-10,1.2135956e-11,4.0899457e-05,0.9999591,0.0003276119
394,Outer Race Fault,Outer Race Fault,5.602959e-10,6.152514e-12,2.381275e-05,0.99997616,0.00020006378
395,Outer Race Fault,Outer Race Fault,1.1020661e-09,2.3225092e-11,7.003306e-05,0.9999299,0.0005338622
396,Outer Race Fault,Outer Race Fault,1.2295693e-09,2.5680756e-11,7.293622e-05,0.99992704,0.0005538249
397,Outer Race Fault,Outer Race Fault,3.71546e-10,5.6508682e-12,2.2963899e-05,0.999977,0.00019354203
398,Outer Race Fault,Outer Race Fault,9.130394e-10,1.6327694e-11,5.025085e-05,0.9999497,0.0003951048
399,Outer Race Fault,Outer Race Fault,5.24532e-10,8.840894e-12,3.201852e-05,0.99996793,0.00026216955
400,Outer Race Fault,Outer Race Fault,7.040665e-10,1.223292e-11,4.405892e-05,0.9999559,0.00035059784
401,Outer Race Fault,Outer Race Fault,7.164279e-10,8.675353e-12,3.4258785e-05,0.9999658,0.00027877325
402,Outer Race Fault,Outer Race Fault,5.446598e-10,7.1524917e-12,2.8151806e-05,0.99997187,0.00023307936
403,Outer Race Fault,Outer Race Fault,5.8349775e-10,1.0808307e-11,3.6696958e-05,0.9999633,0.00029684012
404,Outer Race Fault,Outer Race Fault,5.8953215e-10,9.891645e-12,3.6337435e-05,0.99996364,0.00029419168
405,Outer Race Fault,Outer Race Fault,2.5894717e-09,6.057024e-11,0.00014064845,0.99985933,0.0010013427
